date,refyear_clean,refmonth_clean,refperiodid,period,freqcode,refyear,refmonth,flowcode,flowdesc,reportercode,reporteriso,reporterdesc,partnercode,partneriso,partnerdesc,cmdcode,cmddesc,cifvalue,fobvalue,primaryvalue,qty,alt_qty,net_wgt,gross_wgt,qtyunitcode,qtyunitabbr,altqtyunitcode,altqtyunitabbr,isreported,isaggregate,isleaf,aggrlevel
2019-01-01,2019,1,20190101,2019,A,2019,52,M,Import,20,AND,Andorra,0,W00,World,7108,"Gold (including gold plated with platinum) unwrought or in semi-manufactured forms, or in powder form",2747371.666,,2747371.666,63.414,0.0,63.414,0.0,8,kg,-1,,False,True,False,4
2019-01-01,2019,1,20190101,2019,A,2019,52,M,Import,24,AGO,Angola,0,W00,World,7108,"Gold (including gold plated with platinum) unwrought or in semi-manufactured forms, or in powder form",11631.829,,11631.829,0.0,0.0,,0.0,-1,,-1,,False,True,False,4
2019-01-01,2019,1,20190101,2019,A,2019,52,M,Import,28,ATG,Antigua and Barbuda,0,W00,World,7108,"Gold (including gold plated with platinum) unwrought or in semi-manufactured forms, or in powder form",1652.341,,1652.341,0.05,0.05,0.05,0.0,8,kg,8,kg,False,True,False,4
2019-01-01,2019,1,20190101,2019,A,2019,52,M,Import,31,AZE,Azerbaijan,0,W00,World,7108,"Gold (including gold plated with platinum) unwrought or in semi-manufactured forms, or in powder form",2111983184.22,,2111983184.22,49607.044,49607044.0,49607.032,0.0,8,kg,15,g,False,True,False,4
2019-01-01,2019,1,20190101,2019,A,2019,52,M,Import,32,ARG,Argentina,0,W00,World,7108,"Gold (including gold plated with platinum) unwrought or in semi-manufactured forms, or in powder form",14741.6,14338.02,14741.6,2.14,2.14,2.14,0.0,8,kg,8,kg,False,True,False,4
2019-01-01,2019,1,20190101,2019,A,2019,52,M,Import,36,AUS,Australia,0,W00,World,7108,"Gold (including gold plated with platinum) unwrought or in semi-manufactured forms, or in powder form",4720111499.358,4707193371.824,4720111499.358,112652.74,0.0,112652.74,0.0,8,kg,-1,,False,True,False,4
2019-01-01,2019,1,20190101,2019,A,2019,52,M,Import,40,AUT,Austria,0,W00,World,7108,"Gold (including gold plated with platinum) unwrought or in semi-manufactured forms, or in powder form",844316515.801,,844316515.801,19134.344,0.0,19134.344,0.0,8,kg,-1,,False,True,False,4
2019-01-01,2019,1,20190101,2019,A,2019,52,M,Import,44,BHS,Bahamas,0,W00,World,7108,"Gold (including gold plated with platinum) unwrought or in semi-manufactured forms, or in powder form",6272.956,,6272.956,1.51,0.0,1.51,0.0,8,kg,-1,,False,True,False,4
2019-01-01,2019,1,20190101,2019,A,2019,52,M,Import,48,BHR,Bahrain,0,W00,World,7108,"Gold (including gold plated with platinum) unwrought or in semi-manufactured forms, or in powder form",218551648.55,0.0,218551648.55,5061.611,5061611.25,5166.695,0.0,8,kg,15,g,False,True,False,4
2019-01-01,2019,1,20190101,2019,A,2019,52,M,Import,51,ARM,Armenia,0,W00,World,7108,"Gold (including gold plated with platinum) unwrought or in semi-manufactured forms, or in powder form",114498514.79,0.0,114498514.79,2510.304,2510303.76,2972.044,0.0,8,kg,15,g,False,True,False,4
2019-01-01,2019,1,20190101,2019,A,2019,52,M,Import,52,BRB,Barbados,0,W00,World,7108,"Gold (including gold plated with platinum) unwrought or in semi-manufactured forms, or in powder form",1336.0,,1336.0,1.02,0.0,1.02,0.0,8,kg,-1,,False,True,False,4
2019-01-01,2019,1,20190101,2019,A,2019,52,M,Import,56,BEL,Belgium,0,W00,World,7108,"Gold (including gold plated with platinum) unwrought or in semi-manufactured forms, or in powder form",915100923.396,0.0,915100923.396,23103.615,0.0,27952.408,0.0,8,kg,-1,,False,True,False,4
2019-01-01,2019,1,20190101,2019,A,2019,52,M,Import,60,BMU,Bermuda,0,W00,World,7108,"Gold (including gold plated with platinum) unwrought or in semi-manufactured forms, or in powder form",1028.35,,1028.35,2.066,0.0,2.066,0.0,8,kg,-1,,False,True,False,4
2019-01-01,2019,1,20190101,2019,A,2019,52,M,Import,64,BTN,Bhutan,0,W00,World,7108,"Gold (including gold plated with platinum) unwrought or in semi-manufactured forms, or in powder form",222123.572,,222123.572,5.366,5365.52,5.366,0.0,8,kg,15,g,False,True,False,4
2019-01-01,2019,1,20190101,2019,A,2019,52,M,Import,68,BOL,Bolivia (Plurinational State of),0,W00,World,7108,"Gold (including gold plated with platinum) unwrought or in semi-manufactured forms, or in powder form",509370.36,497642.49,509370.36,23.73,23.73,45.01,0.0,8,kg,8,kg,False,True,False,4
2019-01-01,2019,1,20190101,2019,A,2019,52,M,Import,70,BIH,Bosnia Herzegovina,0,W00,World,7108,"Gold (including gold plated with platinum) unwrought or in semi-manufactured forms, or in powder form",13809.3,,13809.3,0.0,0.0,,0.0,-1,,-1,,False,True,False,4
2019-01-01,2019,1,20190101,2019,A,2019,52,M,Import,72,BWA,Botswana,0,W00,World,7108,"Gold (including gold plated with platinum) unwrought or in semi-manufactured forms, or in powder form",269.229,,269.229,1.0,0.0,0.5,0.0,8,kg,-1,,False,True,False,4
2019-01-01,2019,1,20190101,2019,A,2019,52,M,Import,76,BRA,Brazil,0,W00,World,7108,"Gold (including gold plated with platinum) unwrought or in semi-manufactured forms, or in powder form",10626960.0,10571588.0,10626960.0,0.0,0.0,,0.0,-1,,-1,,False,True,False,4
2019-01-01,2019,1,20190101,2019,A,2019,52,M,Import,84,BLZ,Belize,0,W00,World,7108,"Gold (including gold plated with platinum) unwrought or in semi-manufactured forms, or in powder form",58.115,,58.115,0.0,0.0,,0.0,-1,,-1,,False,True,False,4
2019-01-01,2019,1,20190101,2019,A,2019,52,M,Import,96,BRN,Brunei Darussalam,0,W00,World,7108,"Gold (including gold plated with platinum) unwrought or in semi-manufactured forms, or in powder form",12077.69,,12077.69,0.0,0.0,,0.0,-1,,-1,,False,True,False,4
2019-01-01,2019,1,20190101,2019,A,2019,52,M,Import,100,BGR,Bulgaria,0,W00,World,7108,"Gold (including gold plated with platinum) unwrought or in semi-manufactured forms, or in powder form",12659026.27,,12659026.27,286.025,286025.0,291.141,0.0,8,kg,15,g,False,True,False,4
2019-01-01,2019,1,20190101,2019,A,2019,52,M,Import,116,KHM,Cambodia,0,W00,World,7108,"Gold (including gold plated with platinum) unwrought or in semi-manufactured forms, or in powder form",92656114.62,,92656114.62,2153.0,2153.0,2153.0,0.0,8,kg,8,kg,False,True,False,4
2019-01-01,2019,1,20190101,2019,A,2019,52,M,Import,124,CAN,Canada,0,W00,World,7108,"Gold (including gold plated with platinum) unwrought or in semi-manufactured forms, or in powder form",,5700923885.444,5700923885.444,315625.946,0.0,315625.946,0.0,8,kg,-1,,False,True,False,4
2019-01-01,2019,1,20190101,2019,A,2019,52,M,Import,144,LKA,Sri Lanka,0,W00,World,7108,"Gold (including gold plated with platinum) unwrought or in semi-manufactured forms, or in powder form",2548935.921,0.0,2548935.921,59.41,59.41,59.41,0.0,8,kg,8,kg,False,True,False,4
2019-01-01,2019,1,20190101,2019,A,2019,52,M,Import,152,CHL,Chile,0,W00,World,7108,"Gold (including gold plated with platinum) unwrought or in semi-manufactured forms, or in powder form",4729634.41,4724881.63,4729634.41,3190.879,0.0,3190.879,0.0,8,kg,-1,,False,True,False,4
2019-01-01,2019,1,20190101,2019,A,2019,52,M,Import,156,CHN,China,0,W00,World,7108,"Gold (including gold plated with platinum) unwrought or in semi-manufactured forms, or in powder form",43917764709.0,0.0,43917764709.0,990031.175,990031175.0,990031.175,0.0,8,kg,15,g,False,True,False,4
2019-01-01,2019,1,20190101,2019,A,2019,52,M,Import,170,COL,Colombia,0,W00,World,7108,"Gold (including gold plated with platinum) unwrought or in semi-manufactured forms, or in powder form",74921.84,74172.37,74921.84,18.19,18.19,18.19,0.0,8,kg,8,kg,False,True,False,4
2019-01-01,2019,1,20190101,2019,A,2019,52,M,Import,188,CRI,Costa Rica,0,W00,World,7108,"Gold (including gold plated with platinum) unwrought or in semi-manufactured forms, or in powder form",1084604.61,,1084604.61,772.562,0.0,772.562,0.0,8,kg,-1,,False,True,False,4
2019-01-01,2019,1,20190101,2019,A,2019,52,M,Import,191,HRV,Croatia,0,W00,World,7108,"Gold (including gold plated with platinum) unwrought or in semi-manufactured forms, or in powder form",20423325.0,,20423325.0,0.0,0.0,,0.0,-1,,-1,,False,True,False,4
2019-01-01,2019,1,20190101,2019,A,2019,52,M,Import,196,CYP,Cyprus,0,W00,World,7108,"Gold (including gold plated with platinum) unwrought or in semi-manufactured forms, or in powder form",1980602.882,0.0,1980602.882,0.0,0.0,0.0,0.0,-1,,-1,,False,True,False,4
2019-01-01,2019,1,20190101,2019,A,2019,52,M,Import,203,CZE,Czechia,0,W00,World,7108,"Gold (including gold plated with platinum) unwrought or in semi-manufactured forms, or in powder form",202726254.0,199438672.0,202726254.0,0.0,0.0,,0.0,-1,,-1,,False,True,False,4
2019-01-01,2019,1,20190101,2019,A,2019,52,M,Import,204,BEN,Benin,0,W00,World,7108,"Gold (including gold plated with platinum) unwrought or in semi-manufactured forms, or in powder form",2907.321,,2907.321,0.0,0.0,,0.0,-1,,-1,,False,True,False,4
2019-01-01,2019,1,20190101,2019,A,2019,52,M,Import,208,DNK,Denmark,0,W00,World,7108,"Gold (including gold plated with platinum) unwrought or in semi-manufactured forms, or in powder form",14423393.897,0.0,14423393.897,1742.469,1742469.0,0.0,0.0,8,kg,15,g,False,True,False,4
2019-01-01,2019,1,20190101,2019,A,2019,52,M,Import,214,DOM,Dominican Rep.,0,W00,World,7108,"Gold (including gold plated with platinum) unwrought or in semi-manufactured forms, or in powder form",89740445.58,86585391.247,89740445.58,0.0,0.0,,0.0,-1,,-1,,False,True,False,4
2019-01-01,2019,1,20190101,2019,A,2019,52,M,Import,218,ECU,Ecuador,0,W00,World,7108,"Gold (including gold plated with platinum) unwrought or in semi-manufactured forms, or in powder form",27735.269,27353.72,27735.269,0.0,0.0,12.218,0.0,-1,,-1,,False,True,False,4
2019-01-01,2019,1,20190101,2019,A,2019,52,M,Import,231,ETH,Ethiopia,0,W00,World,7108,"Gold (including gold plated with platinum) unwrought or in semi-manufactured forms, or in powder form",74.47,0.0,74.47,0.0,0.0,0.0,0.0,-1,,-1,,False,True,False,4
2019-01-01,2019,1,20190101,2019,A,2019,52,M,Import,233,EST,Estonia,0,W00,World,7108,"Gold (including gold plated with platinum) unwrought or in semi-manufactured forms, or in powder form",69719443.54,0.0,69719443.54,0.0,0.0,0.0,0.0,-1,,-1,,False,True,False,4
2019-01-01,2019,1,20190101,2019,A,2019,52,M,Import,246,FIN,Finland,0,W00,World,7108,"Gold (including gold plated with platinum) unwrought or in semi-manufactured forms, or in powder form",25072489.005,,25072489.005,540.409,0.0,679.6,0.0,8,kg,-1,,False,True,False,4
2019-01-01,2019,1,20190101,2019,A,2019,52,M,Import,251,FRA,France,0,W00,World,7108,"Gold (including gold plated with platinum) unwrought or in semi-manufactured forms, or in powder form",1089849441.152,,1089849441.152,0.0,0.0,,0.0,-1,,-1,,False,True,False,4
2019-01-01,2019,1,20190101,2019,A,2019,52,M,Import,258,PYF,French Polynesia,0,W00,World,7108,"Gold (including gold plated with platinum) unwrought or in semi-manufactured forms, or in powder form",361494.388,0.0,361494.388,14.684,0.0,0.0,0.0,8,kg,-1,,False,True,False,4
2019-01-01,2019,1,20190101,2019,A,2019,52,M,Import,268,GEO,Georgia,0,W00,World,7108,"Gold (including gold plated with platinum) unwrought or in semi-manufactured forms, or in powder form",631.18,,631.18,0.122,122.0,0.12,0.0,8,kg,15,g,False,True,False,4
2019-01-01,2019,1,20190101,2019,A,2019,52,M,Import,270,GMB,Gambia,0,W00,World,7108,"Gold (including gold plated with platinum) unwrought or in semi-manufactured forms, or in powder form",298.627,,298.627,0.0,0.0,,0.0,-1,,-1,,False,True,False,4
2019-01-01,2019,1,20190101,2019,A,2019,52,M,Import,276,DEU,Germany,0,W00,World,7108,"Gold (including gold plated with platinum) unwrought or in semi-manufactured forms, or in powder form",4427241910.572,,4427241910.572,104917.802,104917802.0,104889.137,0.0,8,kg,15,g,False,True,False,4
2019-01-01,2019,1,20190101,2019,A,2019,52,M,Import,288,GHA,Ghana,0,W00,World,7108,"Gold (including gold plated with platinum) unwrought or in semi-manufactured forms, or in powder form",114857.349,,114857.349,0.0,0.0,,0.0,-1,,-1,,False,True,False,4
2019-01-01,2019,1,20190101,2019,A,2019,52,M,Import,300,GRC,Greece,0,W00,World,7108,"Gold (including gold plated with platinum) unwrought or in semi-manufactured forms, or in powder form",9357103.801,,9357103.801,0.0,0.0,,0.0,-1,,-1,,False,True,False,4
2019-01-01,2019,1,20190101,2019,A,2019,52,M,Import,308,GRD,Grenada,0,W00,World,7108,"Gold (including gold plated with platinum) unwrought or in semi-manufactured forms, or in powder form",4171.852,0.0,4171.852,0.0,0.0,0.0,0.0,-1,,-1,,False,True,False,4
2019-01-01,2019,1,20190101,2019,A,2019,52,M,Import,320,GTM,Guatemala,0,W00,World,7108,"Gold (including gold plated with platinum) unwrought or in semi-manufactured forms, or in powder form",1947404.0,,1947404.0,67.876,0.0,67.876,0.0,8,kg,-1,,False,True,False,4
2019-01-01,2019,1,20190101,2019,A,2019,52,M,Import,328,GUY,Guyana,0,W00,World,7108,"Gold (including gold plated with platinum) unwrought or in semi-manufactured forms, or in powder form",200.623,0.0,200.623,0.005,0.0,0.0,0.0,8,kg,-1,,False,True,False,4
2019-01-01,2019,1,20190101,2019,A,2019,52,M,Import,340,HND,Honduras,0,W00,World,7108,"Gold (including gold plated with platinum) unwrought or in semi-manufactured forms, or in powder form",47048.93,,47048.93,11.536,0.0,11.536,0.0,8,kg,-1,,False,True,False,4
2019-01-01,2019,1,20190101,2019,A,2019,52,M,Import,344,HKG,"China, Hong Kong SAR",0,W00,World,7108,"Gold (including gold plated with platinum) unwrought or in semi-manufactured forms, or in powder form",13966622314.18,,13966622314.18,355842.0,355842.0,355842.0,0.0,8,kg,8,kg,False,True,False,4
2019-01-01,2019,1,20190101,2019,A,2019,52,M,Import,348,HUN,Hungary,0,W00,World,7108,"Gold (including gold plated with platinum) unwrought or in semi-manufactured forms, or in powder form",35794351.0,,35794351.0,0.0,0.0,0.0,0.0,-1,,-1,,False,True,False,4
2019-01-01,2019,1,20190101,2019,A,2019,52,M,Import,352,ISL,Iceland,0,W00,World,7108,"Gold (including gold plated with platinum) unwrought or in semi-manufactured forms, or in powder form",916282.68,904171.037,916282.68,280.068,0.0,,0.0,8,kg,-1,,False,True,False,4
2019-01-01,2019,1,20190101,2019,A,2019,52,M,Import,360,IDN,Indonesia,0,W00,World,7108,"Gold (including gold plated with platinum) unwrought or in semi-manufactured forms, or in powder form",1768419270.0,0.0,1768419270.0,0.0,0.0,0.0,0.0,-1,,-1,,False,True,False,4
2019-01-01,2019,1,20190101,2019,A,2019,52,M,Import,372,IRL,Ireland,0,W00,World,7108,"Gold (including gold plated with platinum) unwrought or in semi-manufactured forms, or in powder form",78129354.73,0.0,78129354.73,3491.385,3475386.0,0.0,0.0,8,kg,15,g,False,True,False,4
2019-01-01,2019,1,20190101,2019,A,2019,52,M,Import,376,ISR,Israel,0,W00,World,7108,"Gold (including gold plated with platinum) unwrought or in semi-manufactured forms, or in powder form",15405000.0,,15405000.0,374.499,0.0,374.499,0.0,8,kg,-1,,False,True,False,4
2019-01-01,2019,1,20190101,2019,A,2019,52,M,Import,380,ITA,Italy,0,W00,World,7108,"Gold (including gold plated with platinum) unwrought or in semi-manufactured forms, or in powder form",5211037977.95,,5211037977.95,0.0,0.0,,0.0,-1,,-1,,False,True,False,4
2019-01-01,2019,1,20190101,2019,A,2019,52,M,Import,384,CIV,Côte d'Ivoire,0,W00,World,7108,"Gold (including gold plated with platinum) unwrought or in semi-manufactured forms, or in powder form",377.673,,377.673,1.0,1.0,1.0,0.0,8,kg,8,kg,False,True,False,4
2019-01-01,2019,1,20190101,2019,A,2019,52,M,Import,388,JAM,Jamaica,0,W00,World,7108,"Gold (including gold plated with platinum) unwrought or in semi-manufactured forms, or in powder form",115.19,0.0,115.19,0.1,0.1,0.1,0.0,8,kg,8,kg,False,True,False,4
2019-01-01,2019,1,20190101,2019,A,2019,52,M,Import,392,JPN,Japan,0,W00,World,7108,"Gold (including gold plated with platinum) unwrought or in semi-manufactured forms, or in powder form",124024353.245,0.0,124024353.245,3303.198,3303198.0,3303.198,0.0,8,kg,15,g,False,True,False,4
2019-01-01,2019,1,20190101,2019,A,2019,52,M,Import,398,KAZ,Kazakhstan,0,W00,World,7108,"Gold (including gold plated with platinum) unwrought or in semi-manufactured forms, or in powder form",275635538.78,,275635538.78,7066.626,7066.626,7066.626,0.0,8,kg,8,kg,False,True,False,4
2019-01-01,2019,1,20190101,2019,A,2019,52,M,Import,400,JOR,Jordan,0,W00,World,7108,"Gold (including gold plated with platinum) unwrought or in semi-manufactured forms, or in powder form",86257543.466,,86257543.466,0.0,0.0,,0.0,-1,,-1,,False,True,False,4
2019-01-01,2019,1,20190101,2019,A,2019,52,M,Import,404,KEN,Kenya,0,W00,World,7108,"Gold (including gold plated with platinum) unwrought or in semi-manufactured forms, or in powder form",536.64,,536.64,0.0,0.0,,0.0,-1,,-1,,False,True,False,4
2019-01-01,2019,1,20190101,2019,A,2019,52,M,Import,410,KOR,Rep. of Korea,0,W00,World,7108,"Gold (including gold plated with platinum) unwrought or in semi-manufactured forms, or in powder form",887978304.0,,887978304.0,0.0,0.0,,0.0,-1,,-1,,False,True,False,4
2019-01-01,2019,1,20190101,2019,A,2019,52,M,Import,414,KWT,Kuwait,0,W00,World,7108,"Gold (including gold plated with platinum) unwrought or in semi-manufactured forms, or in powder form",368683262.0,,368683262.0,0.0,0.0,,0.0,-1,,-1,,False,True,False,4
2019-01-01,2019,1,20190101,2019,A,2019,52,M,Import,417,KGZ,Kyrgyzstan,0,W00,World,7108,"Gold (including gold plated with platinum) unwrought or in semi-manufactured forms, or in powder form",362294.0,,362294.0,929.076,929076.0,931.0,0.0,8,kg,15,g,False,True,False,4
2019-01-01,2019,1,20190101,2019,A,2019,52,M,Import,418,LAO,Lao People's Dem. Rep.,0,W00,World,7108,"Gold (including gold plated with platinum) unwrought or in semi-manufactured forms, or in powder form",4367968.57,,4367968.57,106.022,106.022,106.05,0.0,8,kg,8,kg,False,True,False,4
2019-01-01,2019,1,20190101,2019,A,2019,52,M,Import,422,LBN,Lebanon,0,W00,World,7108,"Gold (including gold plated with platinum) unwrought or in semi-manufactured forms, or in powder form",483962774.78,0.0,483962774.78,0.0,0.0,0.0,0.0,-1,,-1,,False,True,False,4
2019-01-01,2019,1,20190101,2019,A,2019,52,M,Import,426,LSO,Lesotho,0,W00,World,7108,"Gold (including gold plated with platinum) unwrought or in semi-manufactured forms, or in powder form",3284.666,,3284.666,0.0,0.0,,472.0,-1,,-1,,False,True,False,4
2019-01-01,2019,1,20190101,2019,A,2019,52,M,Import,428,LVA,Latvia,0,W00,World,7108,"Gold (including gold plated with platinum) unwrought or in semi-manufactured forms, or in powder form",201748.338,,201748.338,11.082,11082.0,11.877,0.0,8,kg,15,g,False,True,False,4
2019-01-01,2019,1,20190101,2019,A,2019,52,M,Import,434,LBY,Libya,0,W00,World,7108,"Gold (including gold plated with platinum) unwrought or in semi-manufactured forms, or in powder form",2320027.0,0.0,2320027.0,56.0,56.0,56.0,0.0,8,kg,8,kg,False,True,False,4
2019-01-01,2019,1,20190101,2019,A,2019,52,M,Import,440,LTU,Lithuania,0,W00,World,7108,"Gold (including gold plated with platinum) unwrought or in semi-manufactured forms, or in powder form",6196420.0,,6196420.0,145.209,145208.78,141.829,0.0,8,kg,15,g,False,True,False,4
2019-01-01,2019,1,20190101,2019,A,2019,52,M,Import,442,LUX,Luxembourg,0,W00,World,7108,"Gold (including gold plated with platinum) unwrought or in semi-manufactured forms, or in powder form",73270444.464,72405453.458,73270444.464,2092.567,0.0,2279.232,0.0,8,kg,-1,,False,True,False,4
2019-01-01,2019,1,20190101,2019,A,2019,52,M,Import,446,MAC,"China, Macao SAR",0,W00,World,7108,"Gold (including gold plated with platinum) unwrought or in semi-manufactured forms, or in powder form",9669809.427,,9669809.427,0.0,0.0,0.0,0.0,-1,,-1,,False,True,False,4
2019-01-01,2019,1,20190101,2019,A,2019,52,M,Import,458,MYS,Malaysia,0,W00,World,7108,"Gold (including gold plated with platinum) unwrought or in semi-manufactured forms, or in powder form",2406423508.409,0.0,2406423508.409,55453.24,55453.24,55453.24,0.0,8,kg,8,kg,False,True,False,4
2019-01-01,2019,1,20190101,2019,A,2019,52,M,Import,462,MDV,Maldives,0,W00,World,7108,"Gold (including gold plated with platinum) unwrought or in semi-manufactured forms, or in powder form",188520.17,,188520.17,2.55,2550.0,2.55,0.0,8,kg,15,g,False,True,False,4
2019-01-01,2019,1,20190101,2019,A,2019,52,M,Import,466,MLI,Mali,0,W00,World,7108,"Gold (including gold plated with platinum) unwrought or in semi-manufactured forms, or in powder form",293699.34,0.0,293699.34,6.11,0.0,6.11,0.0,8,kg,-1,,False,True,False,4
2019-01-01,2019,1,20190101,2019,A,2019,52,M,Import,470,MLT,Malta,0,W00,World,7108,"Gold (including gold plated with platinum) unwrought or in semi-manufactured forms, or in powder form",4458088.731,,4458088.731,0.0,0.0,,0.0,-1,,-1,,False,True,False,4
2019-01-01,2019,1,20190101,2019,A,2019,52,M,Import,480,MUS,Mauritius,0,W00,World,7108,"Gold (including gold plated with platinum) unwrought or in semi-manufactured forms, or in powder form",16499168.369,16313426.435,16499168.369,0.0,0.0,388.424,0.0,-1,,-1,,False,True,False,4
2019-01-01,2019,1,20190101,2019,A,2019,52,M,Import,484,MEX,Mexico,0,W00,World,7108,"Gold (including gold plated with platinum) unwrought or in semi-manufactured forms, or in powder form",,125837047.0,125837047.0,0.0,0.0,0.0,0.0,-1,,-1,,False,True,False,4
2019-01-01,2019,1,20190101,2019,A,2019,52,M,Import,490,S19,"Other Asia, nes",0,W00,World,7108,"Gold (including gold plated with platinum) unwrought or in semi-manufactured forms, or in powder form",1250971838.33,,1250971838.33,28119.037,0.0,28119.037,0.0,8,kg,-1,,False,True,False,4
2019-01-01,2019,1,20190101,2019,A,2019,52,M,Import,496,MNG,Mongolia,0,W00,World,7108,"Gold (including gold plated with platinum) unwrought or in semi-manufactured forms, or in powder form",7104.03,,7104.03,0.35,0.35,0.35,0.0,8,kg,8,kg,False,True,False,4
2019-01-01,2019,1,20190101,2019,A,2019,52,M,Import,498,MDA,Rep. of Moldova,0,W00,World,7108,"Gold (including gold plated with platinum) unwrought or in semi-manufactured forms, or in powder form",3390.0,,3390.0,0.05,50.0,0.05,0.0,8,kg,15,g,False,True,False,4
2019-01-01,2019,1,20190101,2019,A,2019,52,M,Import,499,MNE,Montenegro,0,W00,World,7108,"Gold (including gold plated with platinum) unwrought or in semi-manufactured forms, or in powder form",20176.519,0.0,20176.519,0.359,359.0,0.35,0.0,8,kg,15,g,False,True,False,4
2019-01-01,2019,1,20190101,2019,A,2019,52,M,Import,504,MAR,Morocco,0,W00,World,7108,"Gold (including gold plated with platinum) unwrought or in semi-manufactured forms, or in powder form",32161655.646,0.0,32161655.646,0.0,0.0,0.0,0.0,-1,,-1,,False,True,False,4
2019-01-01,2019,1,20190101,2019,A,2019,52,M,Import,512,OMN,Oman,0,W00,World,7108,"Gold (including gold plated with platinum) unwrought or in semi-manufactured forms, or in powder form",276278992.04,,276278992.04,9740.0,9740.0,9740.0,0.0,8,kg,8,kg,False,True,False,4
2019-01-01,2019,1,20190101,2019,A,2019,52,M,Import,516,NAM,Namibia,0,W00,World,7108,"Gold (including gold plated with platinum) unwrought or in semi-manufactured forms, or in powder form",1766.609,,1766.609,0.0,0.0,,0.0,-1,,-1,,False,True,False,4
2019-01-01,2019,1,20190101,2019,A,2019,52,M,Import,524,NPL,Nepal,0,W00,World,7108,"Gold (including gold plated with platinum) unwrought or in semi-manufactured forms, or in powder form",234287304.19,0.0,234287304.19,5337.68,0.0,5337.68,0.0,8,kg,-1,,False,True,False,4
2019-01-01,2019,1,20190101,2019,A,2019,52,M,Import,528,NLD,Netherlands,0,W00,World,7108,"Gold (including gold plated with platinum) unwrought or in semi-manufactured forms, or in powder form",144403384.6,,144403384.6,0.0,0.0,,0.0,-1,,-1,,False,True,False,4
2019-01-01,2019,1,20190101,2019,A,2019,52,M,Import,531,CUW,Curaçao,0,W00,World,7108,"Gold (including gold plated with platinum) unwrought or in semi-manufactured forms, or in powder form",373962.707,,373962.707,8.93,0.0,8.93,0.0,8,kg,-1,,False,True,False,4
2019-01-01,2019,1,20190101,2019,A,2019,52,M,Import,533,ABW,Aruba,0,W00,World,7108,"Gold (including gold plated with platinum) unwrought or in semi-manufactured forms, or in powder form",117705.583,0.0,117705.583,0.0,0.0,0.0,0.0,-1,,-1,,False,True,False,4
2019-01-01,2019,1,20190101,2019,A,2019,52,M,Import,554,NZL,New Zealand,0,W00,World,7108,"Gold (including gold plated with platinum) unwrought or in semi-manufactured forms, or in powder form",42158255.45,42192048.822,42158255.45,923.716,0.0,923.716,0.0,8,kg,-1,,False,True,False,4
2019-01-01,2019,1,20190101,2019,A,2019,52,M,Import,558,NIC,Nicaragua,0,W00,World,7108,"Gold (including gold plated with platinum) unwrought or in semi-manufactured forms, or in powder form",593341.21,0.0,593341.21,78.102,0.0,78.102,0.0,8,kg,-1,,False,True,False,4
2019-01-01,2019,1,20190101,2019,A,2019,52,M,Import,562,NER,Niger,0,W00,World,7108,"Gold (including gold plated with platinum) unwrought or in semi-manufactured forms, or in powder form",234750.469,,234750.469,49.0,49.0,49.0,0.0,8,kg,8,kg,False,True,False,4
2019-01-01,2019,1,20190101,2019,A,2019,52,M,Import,566,NGA,Nigeria,0,W00,World,7108,"Gold (including gold plated with platinum) unwrought or in semi-manufactured forms, or in powder form",3569.04,,3569.04,7.001,0.0,7.001,0.0,8,kg,-1,,False,True,False,4
2019-01-01,2019,1,20190101,2019,A,2019,52,M,Import,579,NOR,Norway,0,W00,World,7108,"Gold (including gold plated with platinum) unwrought or in semi-manufactured forms, or in powder form",5951222.12,,5951222.12,0.0,0.0,,0.0,-1,,-1,,False,True,False,4
2019-01-01,2019,1,20190101,2019,A,2019,52,M,Import,586,PAK,Pakistan,0,W00,World,7108,"Gold (including gold plated with platinum) unwrought or in semi-manufactured forms, or in powder form",13886200.419,,13886200.419,337.341,337341.0,337.341,0.0,8,kg,15,g,False,True,False,4
2019-01-01,2019,1,20190101,2019,A,2019,52,M,Import,591,PAN,Panama,0,W00,World,7108,"Gold (including gold plated with platinum) unwrought or in semi-manufactured forms, or in powder form",20936606.0,0.0,20936606.0,499.876,0.0,499.876,669.0,8,kg,-1,,False,True,False,4
2019-01-01,2019,1,20190101,2019,A,2019,52,M,Import,598,PNG,Papua New Guinea,0,W00,World,7108,"Gold (including gold plated with platinum) unwrought or in semi-manufactured forms, or in powder form",3230.399,,3230.399,1.7,1.7,1.7,0.0,8,kg,8,kg,False,True,False,4
2019-01-01,2019,1,20190101,2019,A,2019,52,M,Import,604,PER,Peru,0,W00,World,7108,"Gold (including gold plated with platinum) unwrought or in semi-manufactured forms, or in powder form",1598950.97,1550419.18,1598950.97,35.221,35.221,35.221,0.0,8,kg,8,kg,False,True,False,4
2019-01-01,2019,1,20190101,2019,A,2019,52,M,Import,608,PHL,Philippines,0,W00,World,7108,"Gold (including gold plated with platinum) unwrought or in semi-manufactured forms, or in powder form",72331408.0,67240022.0,72331408.0,0.0,0.0,0.0,40056.08,-1,,-1,,False,True,False,4
2019-01-01,2019,1,20190101,2019,A,2019,52,M,Import,616,POL,Poland,0,W00,World,7108,"Gold (including gold plated with platinum) unwrought or in semi-manufactured forms, or in powder form",131284957.0,,131284957.0,3138.869,0.0,3138.869,0.0,8,kg,-1,,False,True,False,4
2019-01-01,2019,1,20190101,2019,A,2019,52,M,Import,620,PRT,Portugal,0,W00,World,7108,"Gold (including gold plated with platinum) unwrought or in semi-manufactured forms, or in powder form",45528450.636,,45528450.636,1187.737,1187737.0,1192.49,0.0,8,kg,15,g,False,True,False,4
2019-01-01,2019,1,20190101,2019,A,2019,52,M,Import,626,TLS,Timor-Leste,0,W00,World,7108,"Gold (including gold plated with platinum) unwrought or in semi-manufactured forms, or in powder form",195.5,,195.5,0.0,0.0,,0.0,-1,,-1,,False,True,False,4
2019-01-01,2019,1,20190101,2019,A,2019,52,M,Import,634,QAT,Qatar,0,W00,World,7108,"Gold (including gold plated with platinum) unwrought or in semi-manufactured forms, or in powder form",349326025.391,,349326025.391,7436.86,7436.86,7436.86,0.0,8,kg,8,kg,False,True,False,4
2019-01-01,2019,1,20190101,2019,A,2019,52,M,Import,643,RUS,Russian Federation,0,W00,World,7108,"Gold (including gold plated with platinum) unwrought or in semi-manufactured forms, or in powder form",16031391.13,,16031391.13,864.886,0.0,864.886,0.0,8,kg,-1,,False,True,False,4
2019-01-01,2019,1,20190101,2019,A,2019,52,M,Import,646,RWA,Rwanda,0,W00,World,7108,"Gold (including gold plated with platinum) unwrought or in semi-manufactured forms, or in powder form",239347214.09,0.0,239347214.09,5256.28,5256.28,5256.28,0.0,8,kg,8,kg,False,True,False,4
2019-01-01,2019,1,20190101,2019,A,2019,52,M,Import,662,LCA,Saint Lucia,0,W00,World,7108,"Gold (including gold plated with platinum) unwrought or in semi-manufactured forms, or in powder form",12429.36,,12429.36,4.65,4.65,4.65,0.0,8,kg,8,kg,False,True,False,4
2019-01-01,2019,1,20190101,2019,A,2019,52,M,Import,682,SAU,Saudi Arabia,0,W00,World,7108,"Gold (including gold plated with platinum) unwrought or in semi-manufactured forms, or in powder form",2334902615.494,,2334902615.494,55719.611,0.0,55719.611,0.0,8,kg,-1,,False,True,False,4
2019-01-01,2019,1,20190101,2019,A,2019,52,M,Import,686,SEN,Senegal,0,W00,World,7108,"Gold (including gold plated with platinum) unwrought or in semi-manufactured forms, or in powder form",1484540.832,,1484540.832,70.0,70.0,70.0,0.0,8,kg,8,kg,False,True,False,4
2019-01-01,2019,1,20190101,2019,A,2019,52,M,Import,688,SRB,Serbia,0,W00,World,7108,"Gold (including gold plated with platinum) unwrought or in semi-manufactured forms, or in powder form",8474149.0,8390117.0,8474149.0,203.52,203520.0,203.6,0.0,8,kg,15,g,False,True,False,4
2019-01-01,2019,1,20190101,2019,A,2019,52,M,Import,690,SYC,Seychelles,0,W00,World,7108,"Gold (including gold plated with platinum) unwrought or in semi-manufactured forms, or in powder form",1632.155,0.0,1632.155,0.02,0.02,0.02,0.0,8,kg,8,kg,False,True,False,4
2019-01-01,2019,1,20190101,2019,A,2019,52,M,Import,699,IND,India,0,W00,World,7108,"Gold (including gold plated with platinum) unwrought or in semi-manufactured forms, or in powder form",31178358667.537,0.0,31178358667.537,836084.531,0.0,836084.531,0.0,8,kg,-1,,False,True,False,4
2019-01-01,2019,1,20190101,2019,A,2019,52,M,Import,702,SGP,Singapore,0,W00,World,7108,"Gold (including gold plated with platinum) unwrought or in semi-manufactured forms, or in powder form",10092049105.621,,10092049105.621,0.0,0.0,,0.0,-1,,-1,,False,True,False,4
2019-01-01,2019,1,20190101,2019,A,2019,52,M,Import,703,SVK,Slovakia,0,W00,World,7108,"Gold (including gold plated with platinum) unwrought or in semi-manufactured forms, or in powder form",106733353.757,106643440.884,106733353.757,2433.291,0.0,2538.562,0.0,8,kg,-1,,False,True,False,4
2019-01-01,2019,1,20190101,2019,A,2019,52,M,Import,704,VNM,Viet Nam,0,W00,World,7108,"Gold (including gold plated with platinum) unwrought or in semi-manufactured forms, or in powder form",161720880.99,,161720880.99,3942.577,0.0,3942.577,0.0,8,kg,-1,,False,True,False,4
2019-01-01,2019,1,20190101,2019,A,2019,52,M,Import,705,SVN,Slovenia,0,W00,World,7108,"Gold (including gold plated with platinum) unwrought or in semi-manufactured forms, or in powder form",32026962.28,,32026962.28,738.373,738372.6,744.016,0.0,8,kg,15,g,False,True,False,4
2019-01-01,2019,1,20190101,2019,A,2019,52,M,Import,710,ZAF,South Africa,0,W00,World,7108,"Gold (including gold plated with platinum) unwrought or in semi-manufactured forms, or in powder form",0.0,327515186.329,327515186.329,15989.89,0.0,15989.89,0.0,8,kg,-1,,False,True,False,4
2019-01-01,2019,1,20190101,2019,A,2019,52,M,Import,724,ESP,Spain,0,W00,World,7108,"Gold (including gold plated with platinum) unwrought or in semi-manufactured forms, or in powder form",248327178.93,,248327178.93,0.0,0.0,,0.0,-1,,-1,,False,True,False,4
2019-01-01,2019,1,20190101,2019,A,2019,52,M,Import,748,SWZ,Eswatini,0,W00,World,7108,"Gold (including gold plated with platinum) unwrought or in semi-manufactured forms, or in powder form",1373.83,,1373.83,0.893,0.0,,0.0,8,kg,-1,,False,True,False,4
2019-01-01,2019,1,20190101,2019,A,2019,52,M,Import,752,SWE,Sweden,0,W00,World,7108,"Gold (including gold plated with platinum) unwrought or in semi-manufactured forms, or in powder form",44568033.118,,44568033.118,0.0,0.0,,0.0,-1,,-1,,False,True,False,4
2019-01-01,2019,1,20190101,2019,A,2019,52,M,Import,757,CHE,Switzerland,0,W00,World,7108,"Gold (including gold plated with platinum) unwrought or in semi-manufactured forms, or in powder form",60626111232.702,0.0,60626111232.702,0.0,0.0,0.0,0.0,-1,,-1,,False,True,False,4
2019-01-01,2019,1,20190101,2019,A,2019,52,M,Import,764,THA,Thailand,0,W00,World,7108,"Gold (including gold plated with platinum) unwrought or in semi-manufactured forms, or in powder form",6963483175.776,,6963483175.776,0.0,0.0,,0.0,-1,,-1,,False,True,False,4
2019-01-01,2019,1,20190101,2019,A,2019,52,M,Import,776,TON,Tonga,0,W00,World,7108,"Gold (including gold plated with platinum) unwrought or in semi-manufactured forms, or in powder form",3347.252,,3347.252,0.08,0.0,0.08,0.0,8,kg,-1,,False,True,False,4
2019-01-01,2019,1,20190101,2019,A,2019,52,M,Import,780,TTO,Trinidad and Tobago,0,W00,World,7108,"Gold (including gold plated with platinum) unwrought or in semi-manufactured forms, or in powder form",563014.311,0.0,563014.311,171.992,0.0,171.992,0.0,8,kg,-1,,False,True,False,4
2019-01-01,2019,1,20190101,2019,A,2019,52,M,Import,784,ARE,United Arab Emirates,0,W00,World,7108,"Gold (including gold plated with platinum) unwrought or in semi-manufactured forms, or in powder form",32133977058.045,0.0,32133977058.045,816598.05,816598.05,816598.05,0.0,8,kg,8,kg,False,True,False,4
2019-01-01,2019,1,20190101,2019,A,2019,52,M,Import,788,TUN,Tunisia,0,W00,World,7108,"Gold (including gold plated with platinum) unwrought or in semi-manufactured forms, or in powder form",19867968.695,,19867968.695,480.0,480.0,480.0,0.0,8,kg,8,kg,False,True,False,4
2019-01-01,2019,1,20190101,2019,A,2019,52,M,Import,792,TUR,Türkiye,0,W00,World,7108,"Gold (including gold plated with platinum) unwrought or in semi-manufactured forms, or in powder form",11268688334.0,11224565261.0,11268688334.0,290110.893,290110893.0,290157.0,0.0,8,kg,15,g,False,True,False,4
2019-01-01,2019,1,20190101,2019,A,2019,52,M,Import,800,UGA,Uganda,0,W00,World,7108,"Gold (including gold plated with platinum) unwrought or in semi-manufactured forms, or in powder form",1317250045.5,0.0,1317250045.5,31771.237,31771237.0,31649.881,0.0,8,kg,15,g,False,True,False,4
2019-01-01,2019,1,20190101,2019,A,2019,52,M,Import,804,UKR,Ukraine,0,W00,World,7108,"Gold (including gold plated with platinum) unwrought or in semi-manufactured forms, or in powder form",21660265.45,0.0,21660265.45,467.685,429623.01,468.605,0.0,8,kg,15,g,False,True,False,4
2019-01-01,2019,1,20190101,2019,A,2019,52,M,Import,807,MKD,North Macedonia,0,W00,World,7108,"Gold (including gold plated with platinum) unwrought or in semi-manufactured forms, or in powder form",94813.53,0.0,94813.53,2.256,0.0,2.256,0.0,8,kg,-1,,False,True,False,4
2019-01-01,2019,1,20190101,2019,A,2019,52,M,Import,818,EGY,Egypt,0,W00,World,7108,"Gold (including gold plated with platinum) unwrought or in semi-manufactured forms, or in powder form",131100491.629,,131100491.629,3135.213,0.0,3135.213,0.0,8,kg,-1,,False,True,False,4
2019-01-01,2019,1,20190101,2019,A,2019,52,M,Import,826,GBR,United Kingdom,0,W00,World,7108,"Gold (including gold plated with platinum) unwrought or in semi-manufactured forms, or in powder form",70774753639.104,,70774753639.104,1527655.29,0.0,1527776.322,0.0,8,kg,-1,,False,True,False,4
2019-01-01,2019,1,20190101,2019,A,2019,52,M,Import,834,TZA,United Rep. of Tanzania,0,W00,World,7108,"Gold (including gold plated with platinum) unwrought or in semi-manufactured forms, or in powder form",4596.77,0.0,4596.77,0.018,18.0,0.0,0.0,8,kg,15,g,False,True,False,4
2019-01-01,2019,1,20190101,2019,A,2019,52,M,Import,842,USA,USA,0,W00,World,7108,"Gold (including gold plated with platinum) unwrought or in semi-manufactured forms, or in powder form",9685383787.0,9681074925.0,9685383787.0,218612.288,0.0,218612.288,0.0,8,kg,-1,,False,True,False,4
2019-01-01,2019,1,20190101,2019,A,2019,52,M,Import,854,BFA,Burkina Faso,0,W00,World,7108,"Gold (including gold plated with platinum) unwrought or in semi-manufactured forms, or in powder form",11088.533,0.0,11088.533,0.0,0.0,0.0,0.0,-1,,-1,,False,True,False,4
2019-01-01,2019,1,20190101,2019,A,2019,52,M,Import,858,URY,Uruguay,0,W00,World,7108,"Gold (including gold plated with platinum) unwrought or in semi-manufactured forms, or in powder form",8791.01,8425.62,8791.01,0.0,0.0,,0.0,-1,,-1,,False,True,False,4
2019-01-01,2019,1,20190101,2019,A,2019,52,M,Import,860,UZB,Uzbekistan,0,W00,World,7108,"Gold (including gold plated with platinum) unwrought or in semi-manufactured forms, or in powder form",15723369.0,,15723369.0,310.287,0.0,310.287,0.0,8,kg,-1,,False,True,False,4
2019-01-01,2019,1,20190101,2019,A,2019,52,M,Import,882,WSM,Samoa,0,W00,World,7108,"Gold (including gold plated with platinum) unwrought or in semi-manufactured forms, or in powder form",3996.53,,3996.53,0.003,3.2,0.003,0.0,8,kg,15,g,False,True,False,4
2019-01-01,2019,1,20190101,2019,A,2019,52,M,Import,894,ZMB,Zambia,0,W00,World,7108,"Gold (including gold plated with platinum) unwrought or in semi-manufactured forms, or in powder form",6614.295,,6614.295,0.032,0.0,0.032,0.0,8,kg,-1,,False,True,False,4
2020-01-01,2020,1,20200101,2020,A,2020,52,M,Import,20,AND,Andorra,0,W00,World,7108,"Gold (including gold plated with platinum) unwrought or in semi-manufactured forms, or in powder form",3901230.789,,3901230.789,67.415,0.0,67.415,0.0,8,kg,-1,,False,True,False,4
2020-01-01,2020,1,20200101,2020,A,2020,52,M,Import,24,AGO,Angola,0,W00,World,7108,"Gold (including gold plated with platinum) unwrought or in semi-manufactured forms, or in powder form",2957.547,,2957.547,0.0,0.0,,0.0,-1,,-1,,False,True,False,4
2020-01-01,2020,1,20200101,2020,A,2020,52,M,Import,28,ATG,Antigua and Barbuda,0,W00,World,7108,"Gold (including gold plated with platinum) unwrought or in semi-manufactured forms, or in powder form",27956.091,,27956.091,3.21,110.0,3.21,0.0,8,kg,5,u,False,True,False,4
2020-01-01,2020,1,20200101,2020,A,2020,52,M,Import,31,AZE,Azerbaijan,0,W00,World,7108,"Gold (including gold plated with platinum) unwrought or in semi-manufactured forms, or in powder form",616.59,,616.59,0.014,14.0,0.014,0.0,8,kg,15,g,False,True,False,4
2020-01-01,2020,1,20200101,2020,A,2020,52,M,Import,32,ARG,Argentina,0,W00,World,7108,"Gold (including gold plated with platinum) unwrought or in semi-manufactured forms, or in powder form",6484.58,6070.42,6484.58,0.06,0.06,0.06,0.0,8,kg,8,kg,False,True,False,4
2020-01-01,2020,1,20200101,2020,A,2020,52,M,Import,36,AUS,Australia,0,W00,World,7108,"Gold (including gold plated with platinum) unwrought or in semi-manufactured forms, or in powder form",6369157624.492,6352387092.05,6369157624.492,119383.662,0.0,119383.662,0.0,8,kg,-1,,False,True,False,4
2020-01-01,2020,1,20200101,2020,A,2020,52,M,Import,40,AUT,Austria,0,W00,World,7108,"Gold (including gold plated with platinum) unwrought or in semi-manufactured forms, or in powder form",2560439184.112,0.0,2560439184.112,45206.777,0.0,45206.777,0.0,8,kg,-1,,False,True,False,4
2020-01-01,2020,1,20200101,2020,A,2020,52,M,Import,44,BHS,Bahamas,0,W00,World,7108,"Gold (including gold plated with platinum) unwrought or in semi-manufactured forms, or in powder form",32376.0,,32376.0,63.956,63.956,63.956,0.0,8,kg,8,kg,False,True,False,4
2020-01-01,2020,1,20200101,2020,A,2020,52,M,Import,48,BHR,Bahrain,0,W00,World,7108,"Gold (including gold plated with platinum) unwrought or in semi-manufactured forms, or in powder form",138343245.93,,138343245.93,2484.905,2484905.07,,0.0,8,kg,15,g,False,True,False,4
2020-01-01,2020,1,20200101,2020,A,2020,52,M,Import,51,ARM,Armenia,0,W00,World,7108,"Gold (including gold plated with platinum) unwrought or in semi-manufactured forms, or in powder form",24224898.82,0.0,24224898.82,446.922,446922.13,450.781,0.0,8,kg,15,g,False,True,False,4
2020-01-01,2020,1,20200101,2020,A,2020,52,M,Import,52,BRB,Barbados,0,W00,World,7108,"Gold (including gold plated with platinum) unwrought or in semi-manufactured forms, or in powder form",2178.0,0.0,2178.0,1.034,0.0,1.034,0.0,8,kg,-1,,False,True,False,4
2020-01-01,2020,1,20200101,2020,A,2020,52,M,Import,56,BEL,Belgium,0,W00,World,7108,"Gold (including gold plated with platinum) unwrought or in semi-manufactured forms, or in powder form",765581476.071,,765581476.071,61563.326,0.0,61563.326,0.0,8,kg,-1,,False,True,False,4
2020-01-01,2020,1,20200101,2020,A,2020,52,M,Import,60,BMU,Bermuda,0,W00,World,7108,"Gold (including gold plated with platinum) unwrought or in semi-manufactured forms, or in powder form",0.0,8210.37,8210.37,38.84,38.84,38.84,0.0,8,kg,8,kg,False,True,False,4
2020-01-01,2020,1,20200101,2020,A,2020,52,M,Import,64,BTN,Bhutan,0,W00,World,7108,"Gold (including gold plated with platinum) unwrought or in semi-manufactured forms, or in powder form",566883.453,,566883.453,8.159,8158.7,8.159,0.0,8,kg,15,g,False,True,False,4
2020-01-01,2020,1,20200101,2020,A,2020,52,M,Import,68,BOL,Bolivia (Plurinational State of),0,W00,World,7108,"Gold (including gold plated with platinum) unwrought or in semi-manufactured forms, or in powder form",320063.53,313491.5,320063.53,0.0,0.0,0.0,0.0,-1,,-1,,False,True,False,4
2020-01-01,2020,1,20200101,2020,A,2020,52,M,Import,70,BIH,Bosnia Herzegovina,0,W00,World,7108,"Gold (including gold plated with platinum) unwrought or in semi-manufactured forms, or in powder form",953236.18,,953236.18,0.0,0.0,,0.0,-1,,-1,,False,True,False,4
2020-01-01,2020,1,20200101,2020,A,2020,52,M,Import,72,BWA,Botswana,0,W00,World,7108,"Gold (including gold plated with platinum) unwrought or in semi-manufactured forms, or in powder form",136.614,,136.614,0.0,0.0,,0.0,-1,,-1,,False,True,False,4
2020-01-01,2020,1,20200101,2020,A,2020,52,M,Import,76,BRA,Brazil,0,W00,World,7108,"Gold (including gold plated with platinum) unwrought or in semi-manufactured forms, or in powder form",4183262.0,4127656.0,4183262.0,0.0,0.0,,0.0,-1,,-1,,False,True,False,4
2020-01-01,2020,1,20200101,2020,A,2020,52,M,Import,96,BRN,Brunei Darussalam,0,W00,World,7108,"Gold (including gold plated with platinum) unwrought or in semi-manufactured forms, or in powder form",353.8,0.0,353.8,0.0,0.0,0.0,0.0,-1,,-1,,False,True,False,4
2020-01-01,2020,1,20200101,2020,A,2020,52,M,Import,100,BGR,Bulgaria,0,W00,World,7108,"Gold (including gold plated with platinum) unwrought or in semi-manufactured forms, or in powder form",24591416.944,0.0,24591416.944,447.765,447765.0,457.452,0.0,8,kg,15,g,False,True,False,4
2020-01-01,2020,1,20200101,2020,A,2020,52,M,Import,104,MMR,Myanmar,0,W00,World,7108,"Gold (including gold plated with platinum) unwrought or in semi-manufactured forms, or in powder form",49800.0,,49800.0,101.014,0.0,101.014,0.0,8,kg,-1,,False,True,False,4
2020-01-01,2020,1,20200101,2020,A,2020,52,M,Import,116,KHM,Cambodia,0,W00,World,7108,"Gold (including gold plated with platinum) unwrought or in semi-manufactured forms, or in powder form",864839197.49,0.0,864839197.49,0.0,0.0,0.0,0.0,-1,,-1,,False,True,False,4
2020-01-01,2020,1,20200101,2020,A,2020,52,M,Import,120,CMR,Cameroon,0,W00,World,7108,"Gold (including gold plated with platinum) unwrought or in semi-manufactured forms, or in powder form",3054.09,,3054.09,0.0,0.0,,0.0,-1,,-1,,False,True,False,4
2020-01-01,2020,1,20200101,2020,A,2020,52,M,Import,124,CAN,Canada,0,W00,World,7108,"Gold (including gold plated with platinum) unwrought or in semi-manufactured forms, or in powder form",,8702577384.409,8702577384.409,243913.189,0.0,243913.189,0.0,8,kg,-1,,False,True,False,4
2020-01-01,2020,1,20200101,2020,A,2020,52,M,Import,136,CYM,Cayman Isds,0,W00,World,7108,"Gold (including gold plated with platinum) unwrought or in semi-manufactured forms, or in powder form",90993198.057,0.0,90993198.057,1752.872,0.0,1752.872,0.0,8,kg,-1,,False,True,False,4
2020-01-01,2020,1,20200101,2020,A,2020,52,M,Import,144,LKA,Sri Lanka,0,W00,World,7108,"Gold (including gold plated with platinum) unwrought or in semi-manufactured forms, or in powder form",8621886.552,0.0,8621886.552,0.0,0.0,0.0,0.0,-1,,-1,,False,True,False,4
2020-01-01,2020,1,20200101,2020,A,2020,52,M,Import,152,CHL,Chile,0,W00,World,7108,"Gold (including gold plated with platinum) unwrought or in semi-manufactured forms, or in powder form",18052.89,17065.84,18052.89,3.27,0.0,3.27,0.0,8,kg,-1,,False,True,False,4
2020-01-01,2020,1,20200101,2020,A,2020,52,M,Import,156,CHN,China,0,W00,World,7108,"Gold (including gold plated with platinum) unwrought or in semi-manufactured forms, or in powder form",11414919164.0,0.0,11414919164.0,212603.254,212603254.0,212603.254,0.0,8,kg,15,g,False,True,False,4
2020-01-01,2020,1,20200101,2020,A,2020,52,M,Import,170,COL,Colombia,0,W00,World,7108,"Gold (including gold plated with platinum) unwrought or in semi-manufactured forms, or in powder form",50027.79,47741.31,50027.79,6.88,6.88,6.88,0.0,8,kg,8,kg,False,True,False,4
2020-01-01,2020,1,20200101,2020,A,2020,52,M,Import,188,CRI,Costa Rica,0,W00,World,7108,"Gold (including gold plated with platinum) unwrought or in semi-manufactured forms, or in powder form",1012120.66,0.0,1012120.66,0.0,0.0,0.0,0.0,-1,,-1,,False,True,False,4
2020-01-01,2020,1,20200101,2020,A,2020,52,M,Import,191,HRV,Croatia,0,W00,World,7108,"Gold (including gold plated with platinum) unwrought or in semi-manufactured forms, or in powder form",35632411.0,0.0,35632411.0,730.347,730347.471,768.243,0.0,8,kg,15,g,False,True,False,4
2020-01-01,2020,1,20200101,2020,A,2020,52,M,Import,192,CUB,Cuba,0,W00,World,7108,"Gold (including gold plated with platinum) unwrought or in semi-manufactured forms, or in powder form",4937.74,,4937.74,0.023,23.0,0.297,0.0,8,kg,15,g,False,True,False,4
2020-01-01,2020,1,20200101,2020,A,2020,52,M,Import,196,CYP,Cyprus,0,W00,World,7108,"Gold (including gold plated with platinum) unwrought or in semi-manufactured forms, or in powder form",5200483.493,0.0,5200483.493,100.006,100006.0,0.0,0.0,8,kg,15,g,False,True,False,4
2020-01-01,2020,1,20200101,2020,A,2020,52,M,Import,203,CZE,Czechia,0,W00,World,7108,"Gold (including gold plated with platinum) unwrought or in semi-manufactured forms, or in powder form",331331474.0,325872076.0,331331474.0,6463.46,6463460.0,6466.924,0.0,8,kg,15,g,False,True,False,4
2020-01-01,2020,1,20200101,2020,A,2020,52,M,Import,208,DNK,Denmark,0,W00,World,7108,"Gold (including gold plated with platinum) unwrought or in semi-manufactured forms, or in powder form",19765220.018,0.0,19765220.018,975.232,0.0,0.0,0.0,8,kg,-1,,False,True,False,4
2020-01-01,2020,1,20200101,2020,A,2020,52,M,Import,212,DMA,Dominica,0,W00,World,7108,"Gold (including gold plated with platinum) unwrought or in semi-manufactured forms, or in powder form",470.74,,470.74,1.0,1.0,1.0,0.0,8,kg,8,kg,False,True,False,4
2020-01-01,2020,1,20200101,2020,A,2020,52,M,Import,214,DOM,Dominican Rep.,0,W00,World,7108,"Gold (including gold plated with platinum) unwrought or in semi-manufactured forms, or in powder form",,96487768.68,96487768.68,0.0,0.0,,0.0,-1,,-1,,False,True,False,4
2020-01-01,2020,1,20200101,2020,A,2020,52,M,Import,218,ECU,Ecuador,0,W00,World,7108,"Gold (including gold plated with platinum) unwrought or in semi-manufactured forms, or in powder form",3219.289,3142.47,3219.289,0.0,0.0,0.0,0.0,-1,,-1,,False,True,False,4
2020-01-01,2020,1,20200101,2020,A,2020,52,M,Import,222,SLV,El Salvador,0,W00,World,7108,"Gold (including gold plated with platinum) unwrought or in semi-manufactured forms, or in powder form",2421.75,0.0,2421.75,0.69,0.69,0.69,0.0,8,kg,8,kg,False,True,False,4
2020-01-01,2020,1,20200101,2020,A,2020,52,M,Import,231,ETH,Ethiopia,0,W00,World,7108,"Gold (including gold plated with platinum) unwrought or in semi-manufactured forms, or in powder form",146.67,0.0,146.67,0.0,0.0,0.0,0.0,-1,,-1,,False,True,False,4
2020-01-01,2020,1,20200101,2020,A,2020,52,M,Import,233,EST,Estonia,0,W00,World,7108,"Gold (including gold plated with platinum) unwrought or in semi-manufactured forms, or in powder form",127050327.1,,127050327.1,0.0,0.0,,0.0,-1,,-1,,False,True,False,4
2020-01-01,2020,1,20200101,2020,A,2020,52,M,Import,242,FJI,Fiji,0,W00,World,7108,"Gold (including gold plated with platinum) unwrought or in semi-manufactured forms, or in powder form",5475.365,0.0,5475.365,2.95,2.95,2.95,0.0,8,kg,8,kg,False,True,False,4
2020-01-01,2020,1,20200101,2020,A,2020,52,M,Import,246,FIN,Finland,0,W00,World,7108,"Gold (including gold plated with platinum) unwrought or in semi-manufactured forms, or in powder form",71866629.661,0.0,71866629.661,1360.276,0.0,1378.913,0.0,8,kg,-1,,False,True,False,4
2020-01-01,2020,1,20200101,2020,A,2020,52,M,Import,251,FRA,France,0,W00,World,7108,"Gold (including gold plated with platinum) unwrought or in semi-manufactured forms, or in powder form",1233186586.334,,1233186586.334,0.0,30179859.0,,0.0,-1,,15,g,False,True,False,4
2020-01-01,2020,1,20200101,2020,A,2020,52,M,Import,258,PYF,French Polynesia,0,W00,World,7108,"Gold (including gold plated with platinum) unwrought or in semi-manufactured forms, or in powder form",129222.952,0.0,129222.952,6.995,0.0,0.0,0.0,8,kg,-1,,False,True,False,4
2020-01-01,2020,1,20200101,2020,A,2020,52,M,Import,268,GEO,Georgia,0,W00,World,7108,"Gold (including gold plated with platinum) unwrought or in semi-manufactured forms, or in powder form",627.83,,627.83,0.11,110.0,0.11,0.0,8,kg,15,g,False,True,False,4
2020-01-01,2020,1,20200101,2020,A,2020,52,M,Import,270,GMB,Gambia,0,W00,World,7108,"Gold (including gold plated with platinum) unwrought or in semi-manufactured forms, or in powder form",496.034,0.0,496.034,0.0,0.0,0.0,0.0,-1,,-1,,False,True,False,4
2020-01-01,2020,1,20200101,2020,A,2020,52,M,Import,275,PSE,State of Palestine,0,W00,World,7108,"Gold (including gold plated with platinum) unwrought or in semi-manufactured forms, or in powder form",2561.31,0.0,2561.31,0.048,0.0,0.048,0.0,8,kg,-1,,False,True,False,4
2020-01-01,2020,1,20200101,2020,A,2020,52,M,Import,276,DEU,Germany,0,W00,World,7108,"Gold (including gold plated with platinum) unwrought or in semi-manufactured forms, or in powder form",8260249195.518,0.0,8260249195.518,152674.815,0.0,152634.973,0.0,8,kg,-1,,False,True,False,4
2020-01-01,2020,1,20200101,2020,A,2020,52,M,Import,300,GRC,Greece,0,W00,World,7108,"Gold (including gold plated with platinum) unwrought or in semi-manufactured forms, or in powder form",6222427.956,0.0,6222427.956,0.0,0.0,0.0,0.0,-1,,-1,,False,True,False,4
2020-01-01,2020,1,20200101,2020,A,2020,52,M,Import,308,GRD,Grenada,0,W00,World,7108,"Gold (including gold plated with platinum) unwrought or in semi-manufactured forms, or in powder form",15624.446,0.0,15624.446,6.072,0.0,6.072,0.0,8,kg,-1,,False,True,False,4
2020-01-01,2020,1,20200101,2020,A,2020,52,M,Import,320,GTM,Guatemala,0,W00,World,7108,"Gold (including gold plated with platinum) unwrought or in semi-manufactured forms, or in powder form",975071.0,0.0,975071.0,98.0,98.0,98.0,0.0,8,kg,8,kg,False,True,False,4
2020-01-01,2020,1,20200101,2020,A,2020,52,M,Import,328,GUY,Guyana,0,W00,World,7108,"Gold (including gold plated with platinum) unwrought or in semi-manufactured forms, or in powder form",5080.275,4838.357,5080.275,0.468,0.0,0.468,0.0,8,kg,-1,,False,True,False,4
2020-01-01,2020,1,20200101,2020,A,2020,52,M,Import,340,HND,Honduras,0,W00,World,7108,"Gold (including gold plated with platinum) unwrought or in semi-manufactured forms, or in powder form",23638.63,0.0,23638.63,14.34,14.34,14.34,0.0,8,kg,8,kg,False,True,False,4
2020-01-01,2020,1,20200101,2020,A,2020,52,M,Import,344,HKG,"China, Hong Kong SAR",0,W00,World,7108,"Gold (including gold plated with platinum) unwrought or in semi-manufactured forms, or in powder form",18877648195.136,,18877648195.136,357856.0,357856.0,357856.0,0.0,8,kg,8,kg,False,True,False,4
2020-01-01,2020,1,20200101,2020,A,2020,52,M,Import,348,HUN,Hungary,0,W00,World,7108,"Gold (including gold plated with platinum) unwrought or in semi-manufactured forms, or in powder form",56851710.0,0.0,56851710.0,0.0,0.0,0.0,0.0,-1,,-1,,False,True,False,4
2020-01-01,2020,1,20200101,2020,A,2020,52,M,Import,352,ISL,Iceland,0,W00,World,7108,"Gold (including gold plated with platinum) unwrought or in semi-manufactured forms, or in powder form",663787.199,645686.919,663787.199,207.649,0.0,207.649,0.0,8,kg,-1,,False,True,False,4
2020-01-01,2020,1,20200101,2020,A,2020,52,M,Import,360,IDN,Indonesia,0,W00,World,7108,"Gold (including gold plated with platinum) unwrought or in semi-manufactured forms, or in powder form",1901737717.0,0.0,1901737717.0,0.0,0.0,0.0,0.0,-1,,-1,,False,True,False,4
2020-01-01,2020,1,20200101,2020,A,2020,52,M,Import,372,IRL,Ireland,0,W00,World,7108,"Gold (including gold plated with platinum) unwrought or in semi-manufactured forms, or in powder form",44201789.321,0.0,44201789.321,3530.014,0.0,0.0,0.0,8,kg,-1,,False,True,False,4
2020-01-01,2020,1,20200101,2020,A,2020,52,M,Import,376,ISR,Israel,0,W00,World,7108,"Gold (including gold plated with platinum) unwrought or in semi-manufactured forms, or in powder form",16505000.0,0.0,16505000.0,321.586,0.0,321.586,0.0,8,kg,-1,,False,True,False,4
2020-01-01,2020,1,20200101,2020,A,2020,52,M,Import,380,ITA,Italy,0,W00,World,7108,"Gold (including gold plated with platinum) unwrought or in semi-manufactured forms, or in powder form",9717387228.42,,9717387228.42,240415.895,0.0,240804.777,0.0,8,kg,-1,,False,True,False,4
2020-01-01,2020,1,20200101,2020,A,2020,52,M,Import,392,JPN,Japan,0,W00,World,7108,"Gold (including gold plated with platinum) unwrought or in semi-manufactured forms, or in powder form",269076129.046,0.0,269076129.046,4923.734,0.0,4923.734,0.0,8,kg,-1,,False,True,False,4
2020-01-01,2020,1,20200101,2020,A,2020,52,M,Import,398,KAZ,Kazakhstan,0,W00,World,7108,"Gold (including gold plated with platinum) unwrought or in semi-manufactured forms, or in powder form",390611961.43,,390611961.43,0.0,0.0,,0.0,-1,,-1,,False,True,False,4
2020-01-01,2020,1,20200101,2020,A,2020,52,M,Import,400,JOR,Jordan,0,W00,World,7108,"Gold (including gold plated with platinum) unwrought or in semi-manufactured forms, or in powder form",128536374.88,0.0,128536374.88,2489.95,0.0,2489.95,0.0,8,kg,-1,,False,True,False,4
2020-01-01,2020,1,20200101,2020,A,2020,52,M,Import,404,KEN,Kenya,0,W00,World,7108,"Gold (including gold plated with platinum) unwrought or in semi-manufactured forms, or in powder form",37373.045,,37373.045,1.0,1.0,1.0,0.0,8,kg,8,kg,False,True,False,4
2020-01-01,2020,1,20200101,2020,A,2020,52,M,Import,410,KOR,Rep. of Korea,0,W00,World,7108,"Gold (including gold plated with platinum) unwrought or in semi-manufactured forms, or in powder form",908445465.0,,908445465.0,0.0,0.0,,0.0,-1,,-1,,False,True,False,4
2020-01-01,2020,1,20200101,2020,A,2020,52,M,Import,414,KWT,Kuwait,0,W00,World,7108,"Gold (including gold plated with platinum) unwrought or in semi-manufactured forms, or in powder form",431350648.0,0.0,431350648.0,8023.872,8023.872,8023.872,0.0,8,kg,8,kg,False,True,False,4
2020-01-01,2020,1,20200101,2020,A,2020,52,M,Import,417,KGZ,Kyrgyzstan,0,W00,World,7108,"Gold (including gold plated with platinum) unwrought or in semi-manufactured forms, or in powder form",287221.0,0.0,287221.0,579.611,579611.0,0.0,0.0,8,kg,15,g,False,True,False,4
2020-01-01,2020,1,20200101,2020,A,2020,52,M,Import,418,LAO,Lao People's Dem. Rep.,0,W00,World,7108,"Gold (including gold plated with platinum) unwrought or in semi-manufactured forms, or in powder form",245974.99,0.0,245974.99,5.887,5.887,5.887,0.0,8,kg,8,kg,False,True,False,4
2020-01-01,2020,1,20200101,2020,A,2020,52,M,Import,422,LBN,Lebanon,0,W00,World,7108,"Gold (including gold plated with platinum) unwrought or in semi-manufactured forms, or in powder form",586878987.0,0.0,586878987.0,10903.205,0.0,10903.205,0.0,8,kg,-1,,False,True,False,4
2020-01-01,2020,1,20200101,2020,A,2020,52,M,Import,428,LVA,Latvia,0,W00,World,7108,"Gold (including gold plated with platinum) unwrought or in semi-manufactured forms, or in powder form",15545272.93,,15545272.93,272.247,272247.0,267.337,0.0,8,kg,15,g,False,True,False,4
2020-01-01,2020,1,20200101,2020,A,2020,52,M,Import,440,LTU,Lithuania,0,W00,World,7108,"Gold (including gold plated with platinum) unwrought or in semi-manufactured forms, or in powder form",11610450.0,,11610450.0,203.573,203573.28,203.111,0.0,8,kg,15,g,False,True,False,4
2020-01-01,2020,1,20200101,2020,A,2020,52,M,Import,442,LUX,Luxembourg,0,W00,World,7108,"Gold (including gold plated with platinum) unwrought or in semi-manufactured forms, or in powder form",102801125.365,102509120.945,102801125.365,1918.746,1918745.789,2897.197,0.0,8,kg,15,g,False,True,False,4
2020-01-01,2020,1,20200101,2020,A,2020,52,M,Import,446,MAC,"China, Macao SAR",0,W00,World,7108,"Gold (including gold plated with platinum) unwrought or in semi-manufactured forms, or in powder form",11807222.134,,11807222.134,0.0,0.0,0.0,0.0,-1,,-1,,False,True,False,4
2020-01-01,2020,1,20200101,2020,A,2020,52,M,Import,458,MYS,Malaysia,0,W00,World,7108,"Gold (including gold plated with platinum) unwrought or in semi-manufactured forms, or in powder form",2251153908.451,0.0,2251153908.451,39787.59,39787.59,39787.59,0.0,8,kg,8,kg,False,True,False,4
2020-01-01,2020,1,20200101,2020,A,2020,52,M,Import,466,MLI,Mali,0,W00,World,7108,"Gold (including gold plated with platinum) unwrought or in semi-manufactured forms, or in powder form",3869887.173,,3869887.173,76.677,76.677,76.677,0.0,8,kg,8,kg,False,True,False,4
2020-01-01,2020,1,20200101,2020,A,2020,52,M,Import,470,MLT,Malta,0,W00,World,7108,"Gold (including gold plated with platinum) unwrought or in semi-manufactured forms, or in powder form",4498404.167,,4498404.167,985.368,983369.0,1075.063,0.0,8,kg,15,g,False,True,False,4
2020-01-01,2020,1,20200101,2020,A,2020,52,M,Import,478,MRT,Mauritania,0,W00,World,7108,"Gold (including gold plated with platinum) unwrought or in semi-manufactured forms, or in powder form",1694.042,,1694.042,5.0,5.0,5.0,0.0,8,kg,8,kg,False,True,False,4
2020-01-01,2020,1,20200101,2020,A,2020,52,M,Import,480,MUS,Mauritius,0,W00,World,7108,"Gold (including gold plated with platinum) unwrought or in semi-manufactured forms, or in powder form",13942885.479,13749133.221,13942885.479,255.0,255.0,263.0,0.0,8,kg,8,kg,False,True,False,4
2020-01-01,2020,1,20200101,2020,A,2020,52,M,Import,484,MEX,Mexico,0,W00,World,7108,"Gold (including gold plated with platinum) unwrought or in semi-manufactured forms, or in powder form",,102059665.0,102059665.0,0.0,0.0,0.0,0.0,-1,,-1,,False,True,False,4
2020-01-01,2020,1,20200101,2020,A,2020,52,M,Import,490,S19,"Other Asia, nes",0,W00,World,7108,"Gold (including gold plated with platinum) unwrought or in semi-manufactured forms, or in powder form",1980856487.493,0.0,1980856487.493,34703.533,0.0,34703.533,0.0,8,kg,-1,,False,True,False,4
2020-01-01,2020,1,20200101,2020,A,2020,52,M,Import,496,MNG,Mongolia,0,W00,World,7108,"Gold (including gold plated with platinum) unwrought or in semi-manufactured forms, or in powder form",10431780.48,0.0,10431780.48,171.99,171.99,171.99,0.0,8,kg,8,kg,False,True,False,4
2020-01-01,2020,1,20200101,2020,A,2020,52,M,Import,498,MDA,Rep. of Moldova,0,W00,World,7108,"Gold (including gold plated with platinum) unwrought or in semi-manufactured forms, or in powder form",1592.0,0.0,1592.0,0.018,18.0,0.018,0.0,8,kg,15,g,False,True,False,4
2020-01-01,2020,1,20200101,2020,A,2020,52,M,Import,499,MNE,Montenegro,0,W00,World,7108,"Gold (including gold plated with platinum) unwrought or in semi-manufactured forms, or in powder form",15320.238,0.0,15320.238,0.223,223.0,0.39,0.0,8,kg,15,g,False,True,False,4
2020-01-01,2020,1,20200101,2020,A,2020,52,M,Import,504,MAR,Morocco,0,W00,World,7108,"Gold (including gold plated with platinum) unwrought or in semi-manufactured forms, or in powder form",21675.403,0.0,21675.403,0.0,0.0,0.0,0.0,-1,,-1,,False,True,False,4
2020-01-01,2020,1,20200101,2020,A,2020,52,M,Import,512,OMN,Oman,0,W00,World,7108,"Gold (including gold plated with platinum) unwrought or in semi-manufactured forms, or in powder form",222993181.491,,222993181.491,3998.406,0.0,3998.406,0.0,8,kg,-1,,False,True,False,4
2020-01-01,2020,1,20200101,2020,A,2020,52,M,Import,516,NAM,Namibia,0,W00,World,7108,"Gold (including gold plated with platinum) unwrought or in semi-manufactured forms, or in powder form",2116.597,,2116.597,0.0,0.0,,0.0,-1,,-1,,False,True,False,4
2020-01-01,2020,1,20200101,2020,A,2020,52,M,Import,524,NPL,Nepal,0,W00,World,7108,"Gold (including gold plated with platinum) unwrought or in semi-manufactured forms, or in powder form",141393170.85,0.0,141393170.85,2723.296,0.0,2723.296,0.0,8,kg,-1,,False,True,False,4
2020-01-01,2020,1,20200101,2020,A,2020,52,M,Import,528,NLD,Netherlands,0,W00,World,7108,"Gold (including gold plated with platinum) unwrought or in semi-manufactured forms, or in powder form",555768269.954,0.0,555768269.954,0.0,0.0,0.0,0.0,-1,,-1,,False,True,False,4
2020-01-01,2020,1,20200101,2020,A,2020,52,M,Import,531,CUW,Curaçao,0,W00,World,7108,"Gold (including gold plated with platinum) unwrought or in semi-manufactured forms, or in powder form",78770.919,,78770.919,1.47,0.0,1.47,0.0,8,kg,-1,,False,True,False,4
2020-01-01,2020,1,20200101,2020,A,2020,52,M,Import,533,ABW,Aruba,0,W00,World,7108,"Gold (including gold plated with platinum) unwrought or in semi-manufactured forms, or in powder form",10763.128,0.0,10763.128,0.0,0.0,0.0,0.0,-1,,-1,,False,True,False,4
2020-01-01,2020,1,20200101,2020,A,2020,52,M,Import,554,NZL,New Zealand,0,W00,World,7108,"Gold (including gold plated with platinum) unwrought or in semi-manufactured forms, or in powder form",125901305.545,125728841.901,125901305.545,6189.649,0.0,6189.649,0.0,8,kg,-1,,False,True,False,4
2020-01-01,2020,1,20200101,2020,A,2020,52,M,Import,558,NIC,Nicaragua,0,W00,World,7108,"Gold (including gold plated with platinum) unwrought or in semi-manufactured forms, or in powder form",705970.36,0.0,705970.36,25.25,25.25,25.25,0.0,8,kg,8,kg,False,True,False,4
2020-01-01,2020,1,20200101,2020,A,2020,52,M,Import,562,NER,Niger,0,W00,World,7108,"Gold (including gold plated with platinum) unwrought or in semi-manufactured forms, or in powder form",6462.979,,6462.979,0.0,0.0,,0.0,-1,,-1,,False,True,False,4
2020-01-01,2020,1,20200101,2020,A,2020,52,M,Import,566,NGA,Nigeria,0,W00,World,7108,"Gold (including gold plated with platinum) unwrought or in semi-manufactured forms, or in powder form",1095.763,0.0,1095.763,1.7,1.7,1.7,0.0,8,kg,8,kg,False,True,False,4
2020-01-01,2020,1,20200101,2020,A,2020,52,M,Import,579,NOR,Norway,0,W00,World,7108,"Gold (including gold plated with platinum) unwrought or in semi-manufactured forms, or in powder form",7169635.905,0.0,7169635.905,0.0,0.0,0.0,0.0,-1,,-1,,False,True,False,4
2020-01-01,2020,1,20200101,2020,A,2020,52,M,Import,586,PAK,Pakistan,0,W00,World,7108,"Gold (including gold plated with platinum) unwrought or in semi-manufactured forms, or in powder form",6755858.653,0.0,6755858.653,121.514,121514.0,121.514,0.0,8,kg,15,g,False,True,False,4
2020-01-01,2020,1,20200101,2020,A,2020,52,M,Import,591,PAN,Panama,0,W00,World,7108,"Gold (including gold plated with platinum) unwrought or in semi-manufactured forms, or in powder form",1681224.0,0.0,1681224.0,61.276,0.0,61.276,70.0,8,kg,-1,,False,True,False,4
2020-01-01,2020,1,20200101,2020,A,2020,52,M,Import,598,PNG,Papua New Guinea,0,W00,World,7108,"Gold (including gold plated with platinum) unwrought or in semi-manufactured forms, or in powder form",12463.572,,12463.572,0.233,0.0,0.233,0.0,8,kg,-1,,False,True,False,4
2020-01-01,2020,1,20200101,2020,A,2020,52,M,Import,604,PER,Peru,0,W00,World,7108,"Gold (including gold plated with platinum) unwrought or in semi-manufactured forms, or in powder form",22631706.04,0.0,22631706.04,363.861,0.0,363.861,0.0,8,kg,-1,,False,True,False,4
2020-01-01,2020,1,20200101,2020,A,2020,52,M,Import,608,PHL,Philippines,0,W00,World,7108,"Gold (including gold plated with platinum) unwrought or in semi-manufactured forms, or in powder form",88737303.0,83321838.0,88737303.0,0.0,0.0,,13727.7,-1,,-1,,False,True,False,4
2020-01-01,2020,1,20200101,2020,A,2020,52,M,Import,616,POL,Poland,0,W00,World,7108,"Gold (including gold plated with platinum) unwrought or in semi-manufactured forms, or in powder form",191947340.0,0.0,191947340.0,3666.946,0.0,3668.605,0.0,8,kg,-1,,False,True,False,4
2020-01-01,2020,1,20200101,2020,A,2020,52,M,Import,620,PRT,Portugal,0,W00,World,7108,"Gold (including gold plated with platinum) unwrought or in semi-manufactured forms, or in powder form",51177953.559,,51177953.559,0.0,0.0,,0.0,-1,,-1,,False,True,False,4
2020-01-01,2020,1,20200101,2020,A,2020,52,M,Import,626,TLS,Timor-Leste,0,W00,World,7108,"Gold (including gold plated with platinum) unwrought or in semi-manufactured forms, or in powder form",23.0,,23.0,0.0,0.0,,0.0,-1,,-1,,False,True,False,4
2020-01-01,2020,1,20200101,2020,A,2020,52,M,Import,634,QAT,Qatar,0,W00,World,7108,"Gold (including gold plated with platinum) unwrought or in semi-manufactured forms, or in powder form",198890466.805,0.0,198890466.805,3827.326,0.0,3827.326,0.0,8,kg,-1,,False,True,False,4
2020-01-01,2020,1,20200101,2020,A,2020,52,M,Import,643,RUS,Russian Federation,0,W00,World,7108,"Gold (including gold plated with platinum) unwrought or in semi-manufactured forms, or in powder form",23919091.18,0.0,23919091.18,527.275,524545.583,731.495,0.0,8,kg,15,g,False,True,False,4
2020-01-01,2020,1,20200101,2020,A,2020,52,M,Import,646,RWA,Rwanda,0,W00,World,7108,"Gold (including gold plated with platinum) unwrought or in semi-manufactured forms, or in powder form",677487311.47,,677487311.47,0.0,0.0,,0.0,-1,,-1,,False,True,False,4
2020-01-01,2020,1,20200101,2020,A,2020,52,M,Import,662,LCA,Saint Lucia,0,W00,World,7108,"Gold (including gold plated with platinum) unwrought or in semi-manufactured forms, or in powder form",114405.33,0.0,114405.33,6.21,6.21,6.21,0.0,8,kg,8,kg,False,True,False,4
2020-01-01,2020,1,20200101,2020,A,2020,52,M,Import,682,SAU,Saudi Arabia,0,W00,World,7108,"Gold (including gold plated with platinum) unwrought or in semi-manufactured forms, or in powder form",1165908292.719,,1165908292.719,0.0,0.0,,0.0,-1,,-1,,False,True,False,4
2020-01-01,2020,1,20200101,2020,A,2020,52,M,Import,686,SEN,Senegal,0,W00,World,7108,"Gold (including gold plated with platinum) unwrought or in semi-manufactured forms, or in powder form",407121.024,0.0,407121.024,45.0,45.0,45.0,0.0,8,kg,8,kg,False,True,False,4
2020-01-01,2020,1,20200101,2020,A,2020,52,M,Import,688,SRB,Serbia,0,W00,World,7108,"Gold (including gold plated with platinum) unwrought or in semi-manufactured forms, or in powder form",35084379.0,34411104.0,35084379.0,575.999,575999.0,575.49,0.0,8,kg,15,g,False,True,False,4
2020-01-01,2020,1,20200101,2020,A,2020,52,M,Import,699,IND,India,0,W00,World,7108,"Gold (including gold plated with platinum) unwrought or in semi-manufactured forms, or in powder form",21922211576.049,0.0,21922211576.049,430110.587,0.0,430110.587,0.0,8,kg,-1,,False,True,False,4
2020-01-01,2020,1,20200101,2020,A,2020,52,M,Import,702,SGP,Singapore,0,W00,World,7108,"Gold (including gold plated with platinum) unwrought or in semi-manufactured forms, or in powder form",16626712699.003,0.0,16626712699.003,296917.116,0.0,296917.116,0.0,8,kg,-1,,False,True,False,4
2020-01-01,2020,1,20200101,2020,A,2020,52,M,Import,703,SVK,Slovakia,0,W00,World,7108,"Gold (including gold plated with platinum) unwrought or in semi-manufactured forms, or in powder form",80100634.96,80047229.302,80100634.96,0.0,0.0,,0.0,-1,,-1,,False,True,False,4
2020-01-01,2020,1,20200101,2020,A,2020,52,M,Import,704,VNM,Viet Nam,0,W00,World,7108,"Gold (including gold plated with platinum) unwrought or in semi-manufactured forms, or in powder form",215964360.171,0.0,215964360.171,4167.775,0.0,4167.775,0.0,8,kg,-1,,False,True,False,4
2020-01-01,2020,1,20200101,2020,A,2020,52,M,Import,705,SVN,Slovenia,0,W00,World,7108,"Gold (including gold plated with platinum) unwrought or in semi-manufactured forms, or in powder form",110281127.02,0.0,110281127.02,1983.167,1983166.73,2004.609,0.0,8,kg,15,g,False,True,False,4
2020-01-01,2020,1,20200101,2020,A,2020,52,M,Import,710,ZAF,South Africa,0,W00,World,7108,"Gold (including gold plated with platinum) unwrought or in semi-manufactured forms, or in powder form",0.0,444340576.312,444340576.312,8221.21,8221.21,8221.21,0.0,8,kg,8,kg,False,True,False,4
2020-01-01,2020,1,20200101,2020,A,2020,52,M,Import,716,ZWE,Zimbabwe,0,W00,World,7108,"Gold (including gold plated with platinum) unwrought or in semi-manufactured forms, or in powder form",1673.07,,1673.07,0.02,20.0,19.44,0.0,8,kg,15,g,False,True,False,4
2020-01-01,2020,1,20200101,2020,A,2020,52,M,Import,724,ESP,Spain,0,W00,World,7108,"Gold (including gold plated with platinum) unwrought or in semi-manufactured forms, or in powder form",266054202.122,0.0,266054202.122,0.0,0.0,0.0,0.0,-1,,-1,,False,True,False,4
2020-01-01,2020,1,20200101,2020,A,2020,52,M,Import,748,SWZ,Eswatini,0,W00,World,7108,"Gold (including gold plated with platinum) unwrought or in semi-manufactured forms, or in powder form",528.95,0.0,528.95,0.0,0.0,0.0,0.0,-1,,-1,,False,True,False,4
2020-01-01,2020,1,20200101,2020,A,2020,52,M,Import,752,SWE,Sweden,0,W00,World,7108,"Gold (including gold plated with platinum) unwrought or in semi-manufactured forms, or in powder form",79741631.43,0.0,79741631.43,1511.953,0.0,1766.794,0.0,8,kg,-1,,False,True,False,4
2020-01-01,2020,1,20200101,2020,A,2020,52,M,Import,757,CHE,Switzerland,0,W00,World,7108,"Gold (including gold plated with platinum) unwrought or in semi-manufactured forms, or in powder form",87931537081.913,0.0,87931537081.913,0.0,0.0,0.0,0.0,-1,,-1,,False,True,False,4
2020-01-01,2020,1,20200101,2020,A,2020,52,M,Import,764,THA,Thailand,0,W00,World,7108,"Gold (including gold plated with platinum) unwrought or in semi-manufactured forms, or in powder form",5044697855.545,,5044697855.545,0.0,0.0,,0.0,-1,,-1,,False,True,False,4
2020-01-01,2020,1,20200101,2020,A,2020,52,M,Import,768,TGO,Togo,0,W00,World,7108,"Gold (including gold plated with platinum) unwrought or in semi-manufactured forms, or in powder form",37797.248,,37797.248,113.0,113.0,113.0,0.0,8,kg,8,kg,False,True,False,4
2020-01-01,2020,1,20200101,2020,A,2020,52,M,Import,776,TON,Tonga,0,W00,World,7108,"Gold (including gold plated with platinum) unwrought or in semi-manufactured forms, or in powder form",474.345,,474.345,0.009,0.0,0.009,0.0,8,kg,-1,,False,True,False,4
2020-01-01,2020,1,20200101,2020,A,2020,52,M,Import,780,TTO,Trinidad and Tobago,0,W00,World,7108,"Gold (including gold plated with platinum) unwrought or in semi-manufactured forms, or in powder form",500619.289,0.0,500619.289,42.317,0.0,42.317,0.0,8,kg,-1,,False,True,False,4
2020-01-01,2020,1,20200101,2020,A,2020,52,M,Import,784,ARE,United Arab Emirates,0,W00,World,7108,"Gold (including gold plated with platinum) unwrought or in semi-manufactured forms, or in powder form",37256646538.725,0.0,37256646538.725,744068.534,0.0,744068.534,0.0,8,kg,-1,,False,True,False,4
2020-01-01,2020,1,20200101,2020,A,2020,52,M,Import,788,TUN,Tunisia,0,W00,World,7108,"Gold (including gold plated with platinum) unwrought or in semi-manufactured forms, or in powder form",30768428.64,0.0,30768428.64,555.0,555.0,555.0,0.0,8,kg,8,kg,False,True,False,4
2020-01-01,2020,1,20200101,2020,A,2020,52,M,Import,792,TUR,Türkiye,0,W00,World,7108,"Gold (including gold plated with platinum) unwrought or in semi-manufactured forms, or in powder form",25183791731.0,24905024834.743,25183791731.0,503054.498,503054498.0,0.0,0.0,8,kg,15,g,False,True,False,4
2020-01-01,2020,1,20200101,2020,A,2020,52,M,Import,800,UGA,Uganda,0,W00,World,7108,"Gold (including gold plated with platinum) unwrought or in semi-manufactured forms, or in powder form",1841914598.0,0.0,1841914598.0,0.0,0.0,0.0,0.0,-1,,-1,,False,True,False,4
2020-01-01,2020,1,20200101,2020,A,2020,52,M,Import,804,UKR,Ukraine,0,W00,World,7108,"Gold (including gold plated with platinum) unwrought or in semi-manufactured forms, or in powder form",90113141.71,0.0,90113141.71,1487.189,1487188.95,1533.52,0.0,8,kg,15,g,False,True,False,4
2020-01-01,2020,1,20200101,2020,A,2020,52,M,Import,807,MKD,North Macedonia,0,W00,World,7108,"Gold (including gold plated with platinum) unwrought or in semi-manufactured forms, or in powder form",11973.5,0.0,11973.5,0.183,0.0,0.183,0.0,8,kg,-1,,False,True,False,4
2020-01-01,2020,1,20200101,2020,A,2020,52,M,Import,818,EGY,Egypt,0,W00,World,7108,"Gold (including gold plated with platinum) unwrought or in semi-manufactured forms, or in powder form",149548015.243,,149548015.243,2790.003,0.0,2790.003,0.0,8,kg,-1,,False,True,False,4
2020-01-01,2020,1,20200101,2020,A,2020,52,M,Import,826,GBR,United Kingdom,0,W00,World,7108,"Gold (including gold plated with platinum) unwrought or in semi-manufactured forms, or in powder form",88335065822.879,0.0,88335065822.879,1507448.033,0.0,0.0,0.0,8,kg,-1,,False,True,False,4
2020-01-01,2020,1,20200101,2020,A,2020,52,M,Import,834,TZA,United Rep. of Tanzania,0,W00,World,7108,"Gold (including gold plated with platinum) unwrought or in semi-manufactured forms, or in powder form",1201623.18,0.0,1201623.18,30.0,30.0,30.0,0.0,8,kg,8,kg,False,True,False,4
2020-01-01,2020,1,20200101,2020,A,2020,52,M,Import,842,USA,USA,0,W00,World,7108,"Gold (including gold plated with platinum) unwrought or in semi-manufactured forms, or in powder form",34686627843.0,0.0,34686627843.0,636658.218,0.0,636658.218,0.0,8,kg,-1,,False,True,False,4
2020-01-01,2020,1,20200101,2020,A,2020,52,M,Import,854,BFA,Burkina Faso,0,W00,World,7108,"Gold (including gold plated with platinum) unwrought or in semi-manufactured forms, or in powder form",766.975,0.0,766.975,5.0,5.0,5.0,0.0,8,kg,8,kg,False,True,False,4
2020-01-01,2020,1,20200101,2020,A,2020,52,M,Import,858,URY,Uruguay,0,W00,World,7108,"Gold (including gold plated with platinum) unwrought or in semi-manufactured forms, or in powder form",18115.75,17825.5,18115.75,0.35,0.35,0.35,0.0,8,kg,8,kg,False,True,False,4
2020-01-01,2020,1,20200101,2020,A,2020,52,M,Import,860,UZB,Uzbekistan,0,W00,World,7108,"Gold (including gold plated with platinum) unwrought or in semi-manufactured forms, or in powder form",25286645.0,,25286645.0,434.571,434571.04,434.571,0.0,8,kg,15,g,False,True,False,4
2021-01-01,2021,1,20210101,2021,A,2021,52,M,Import,20,AND,Andorra,0,W00,World,7108,"Gold (including gold plated with platinum) unwrought or in semi-manufactured forms, or in powder form",16479154.028,,16479154.028,446.527,0.0,446.527,0.0,8,kg,-1,,False,True,False,4
2021-01-01,2021,1,20210101,2021,A,2021,52,M,Import,24,AGO,Angola,0,W00,World,7108,"Gold (including gold plated with platinum) unwrought or in semi-manufactured forms, or in powder form",6773.219,,6773.219,0.0,0.0,,0.0,-1,,-1,,False,True,False,4
2021-01-01,2021,1,20210101,2021,A,2021,52,M,Import,28,ATG,Antigua and Barbuda,0,W00,World,7108,"Gold (including gold plated with platinum) unwrought or in semi-manufactured forms, or in powder form",19431.137,,19431.137,1.93,11.0,1.93,0.0,8,kg,5,u,False,True,False,4
2021-01-01,2021,1,20210101,2021,A,2021,52,M,Import,31,AZE,Azerbaijan,0,W00,World,7108,"Gold (including gold plated with platinum) unwrought or in semi-manufactured forms, or in powder form",91957315.15,,91957315.15,0.0,0.0,,0.0,-1,,-1,,False,True,False,4
2021-01-01,2021,1,20210101,2021,A,2021,52,M,Import,32,ARG,Argentina,0,W00,World,7108,"Gold (including gold plated with platinum) unwrought or in semi-manufactured forms, or in powder form",8209.74,7959.79,8209.74,19.79,19.79,19.79,0.0,8,kg,8,kg,False,True,False,4
2021-01-01,2021,1,20210101,2021,A,2021,52,M,Import,36,AUS,Australia,0,W00,World,7108,"Gold (including gold plated with platinum) unwrought or in semi-manufactured forms, or in powder form",4899927978.709,4889179492.461,4899927978.709,87533.468,0.0,87533.468,0.0,8,kg,-1,,False,True,False,4
2021-01-01,2021,1,20210101,2021,A,2021,52,M,Import,40,AUT,Austria,0,W00,World,7108,"Gold (including gold plated with platinum) unwrought or in semi-manufactured forms, or in powder form",5175521403.916,,5175521403.916,90066.994,0.0,90066.994,0.0,8,kg,-1,,False,True,False,4
2021-01-01,2021,1,20210101,2021,A,2021,52,M,Import,44,BHS,Bahamas,0,W00,World,7108,"Gold (including gold plated with platinum) unwrought or in semi-manufactured forms, or in powder form",16930.0,,16930.0,0.0,0.0,,0.0,-1,,-1,,False,True,False,4
2021-01-01,2021,1,20210101,2021,A,2021,52,M,Import,48,BHR,Bahrain,0,W00,World,7108,"Gold (including gold plated with platinum) unwrought or in semi-manufactured forms, or in powder form",255459989.41,,255459989.41,4456.292,4456292.09,,0.0,8,kg,15,g,False,True,False,4
2021-01-01,2021,1,20210101,2021,A,2021,52,M,Import,51,ARM,Armenia,0,W00,World,7108,"Gold (including gold plated with platinum) unwrought or in semi-manufactured forms, or in powder form",90039296.63,0.0,90039296.63,1560.265,1560264.78,1560.995,0.0,8,kg,15,g,False,True,False,4
2021-01-01,2021,1,20210101,2021,A,2021,52,M,Import,52,BRB,Barbados,0,W00,World,7108,"Gold (including gold plated with platinum) unwrought or in semi-manufactured forms, or in powder form",1895.0,0.0,1895.0,0.0,0.0,0.0,0.0,-1,,-1,,False,True,False,4
2021-01-01,2021,1,20210101,2021,A,2021,52,M,Import,56,BEL,Belgium,0,W00,World,7108,"Gold (including gold plated with platinum) unwrought or in semi-manufactured forms, or in powder form",466410210.273,,466410210.273,17330.497,0.0,17330.497,0.0,8,kg,-1,,False,True,False,4
2021-01-01,2021,1,20210101,2021,A,2021,52,M,Import,60,BMU,Bermuda,0,W00,World,7108,"Gold (including gold plated with platinum) unwrought or in semi-manufactured forms, or in powder form",,6078.45,6078.45,65.91,65.91,65.91,0.0,8,kg,8,kg,False,True,False,4
2021-01-01,2021,1,20210101,2021,A,2021,52,M,Import,68,BOL,Bolivia (Plurinational State of),0,W00,World,7108,"Gold (including gold plated with platinum) unwrought or in semi-manufactured forms, or in powder form",464865.38,455386.12,464865.38,13.85,13.85,30.0,0.0,8,kg,8,kg,False,True,False,4
2021-01-01,2021,1,20210101,2021,A,2021,52,M,Import,70,BIH,Bosnia Herzegovina,0,W00,World,7108,"Gold (including gold plated with platinum) unwrought or in semi-manufactured forms, or in powder form",391531.64,0.0,391531.64,0.0,0.0,0.0,0.0,-1,,-1,,False,True,False,4
2021-01-01,2021,1,20210101,2021,A,2021,52,M,Import,72,BWA,Botswana,0,W00,World,7108,"Gold (including gold plated with platinum) unwrought or in semi-manufactured forms, or in powder form",2024.482,,2024.482,0.0,0.0,,0.0,-1,,-1,,False,True,False,4
2021-01-01,2021,1,20210101,2021,A,2021,52,M,Import,76,BRA,Brazil,0,W00,World,7108,"Gold (including gold plated with platinum) unwrought or in semi-manufactured forms, or in powder form",4867535.0,4794404.0,4867535.0,0.0,0.0,,0.0,-1,,-1,,False,True,False,4
2021-01-01,2021,1,20210101,2021,A,2021,52,M,Import,84,BLZ,Belize,0,W00,World,7108,"Gold (including gold plated with platinum) unwrought or in semi-manufactured forms, or in powder form",7923.575,,7923.575,1.001,0.0,1.001,0.0,8,kg,-1,,False,True,False,4
2021-01-01,2021,1,20210101,2021,A,2021,52,M,Import,96,BRN,Brunei Darussalam,0,W00,World,7108,"Gold (including gold plated with platinum) unwrought or in semi-manufactured forms, or in powder form",2854728.26,0.0,2854728.26,95.695,0.0,95.695,0.0,8,kg,-1,,False,True,False,4
2021-01-01,2021,1,20210101,2021,A,2021,52,M,Import,100,BGR,Bulgaria,0,W00,World,7108,"Gold (including gold plated with platinum) unwrought or in semi-manufactured forms, or in powder form",41151858.689,0.0,41151858.689,667.78,667780.0,1073.28,0.0,8,kg,15,g,False,True,False,4
2021-01-01,2021,1,20210101,2021,A,2021,52,M,Import,108,BDI,Burundi,0,W00,World,7108,"Gold (including gold plated with platinum) unwrought or in semi-manufactured forms, or in powder form",518.57,,518.57,2.0,2.0,2.0,0.0,8,kg,8,kg,False,True,False,4
2021-01-01,2021,1,20210101,2021,A,2021,52,M,Import,116,KHM,Cambodia,0,W00,World,7108,"Gold (including gold plated with platinum) unwrought or in semi-manufactured forms, or in powder form",3729454488.34,,3729454488.34,64795.0,64795.0,64795.0,0.0,8,kg,8,kg,False,True,False,4
2021-01-01,2021,1,20210101,2021,A,2021,52,M,Import,124,CAN,Canada,0,W00,World,7108,"Gold (including gold plated with platinum) unwrought or in semi-manufactured forms, or in powder form",,6529312136.626,6529312136.626,282183.218,0.0,282183.218,0.0,8,kg,-1,,False,True,False,4
2021-01-01,2021,1,20210101,2021,A,2021,52,M,Import,136,CYM,Cayman Isds,0,W00,World,7108,"Gold (including gold plated with platinum) unwrought or in semi-manufactured forms, or in powder form",27401952.378,,27401952.378,583.622,0.0,583.622,0.0,8,kg,-1,,False,True,False,4
2021-01-01,2021,1,20210101,2021,A,2021,52,M,Import,144,LKA,Sri Lanka,0,W00,World,7108,"Gold (including gold plated with platinum) unwrought or in semi-manufactured forms, or in powder form",1259749.153,0.0,1259749.153,19.34,19.34,19.34,0.0,8,kg,8,kg,False,True,False,4
2021-01-01,2021,1,20210101,2021,A,2021,52,M,Import,152,CHL,Chile,0,W00,World,7108,"Gold (including gold plated with platinum) unwrought or in semi-manufactured forms, or in powder form",383078.586,373366.202,383078.586,62.253,0.0,62.253,0.0,8,kg,-1,,False,True,False,4
2021-01-01,2021,1,20210101,2021,A,2021,52,M,Import,156,CHN,China,0,W00,World,7108,"Gold (including gold plated with platinum) unwrought or in semi-manufactured forms, or in powder form",47279366447.0,,47279366447.0,820913.894,820913894.0,820913.894,0.0,8,kg,15,g,False,True,False,4
2021-01-01,2021,1,20210101,2021,A,2021,52,M,Import,170,COL,Colombia,0,W00,World,7108,"Gold (including gold plated with platinum) unwrought or in semi-manufactured forms, or in powder form",35337.21,0.0,35337.21,3.26,3.26,3.26,0.0,8,kg,8,kg,False,True,False,4
2021-01-01,2021,1,20210101,2021,A,2021,52,M,Import,188,CRI,Costa Rica,0,W00,World,7108,"Gold (including gold plated with platinum) unwrought or in semi-manufactured forms, or in powder form",1182606.17,0.0,1182606.17,0.0,0.0,0.0,0.0,-1,,-1,,False,True,False,4
2021-01-01,2021,1,20210101,2021,A,2021,52,M,Import,191,HRV,Croatia,0,W00,World,7108,"Gold (including gold plated with platinum) unwrought or in semi-manufactured forms, or in powder form",65515596.0,0.0,65515596.0,1234.532,1234532.44,1264.416,0.0,8,kg,15,g,False,True,False,4
2021-01-01,2021,1,20210101,2021,A,2021,52,M,Import,196,CYP,Cyprus,0,W00,World,7108,"Gold (including gold plated with platinum) unwrought or in semi-manufactured forms, or in powder form",22542196.477,,22542196.477,392.823,392823.0,,0.0,8,kg,15,g,False,True,False,4
2021-01-01,2021,1,20210101,2021,A,2021,52,M,Import,203,CZE,Czechia,0,W00,World,7108,"Gold (including gold plated with platinum) unwrought or in semi-manufactured forms, or in powder form",495287422.0,485959602.0,495287422.0,0.0,0.0,0.0,0.0,-1,,-1,,False,True,False,4
2021-01-01,2021,1,20210101,2021,A,2021,52,M,Import,204,BEN,Benin,0,W00,World,7108,"Gold (including gold plated with platinum) unwrought or in semi-manufactured forms, or in powder form",8113.905,,8113.905,4.5,4.5,4.5,0.0,8,kg,8,kg,False,True,False,4
2021-01-01,2021,1,20210101,2021,A,2021,52,M,Import,208,DNK,Denmark,0,W00,World,7108,"Gold (including gold plated with platinum) unwrought or in semi-manufactured forms, or in powder form",43806746.636,,43806746.636,1193.179,1193179.0,,0.0,8,kg,15,g,False,True,False,4
2021-01-01,2021,1,20210101,2021,A,2021,52,M,Import,212,DMA,Dominica,0,W00,World,7108,"Gold (including gold plated with platinum) unwrought or in semi-manufactured forms, or in powder form",572.222,,572.222,0.01,0.0,0.01,0.0,8,kg,-1,,False,True,False,4
2021-01-01,2021,1,20210101,2021,A,2021,52,M,Import,214,DOM,Dominican Rep.,0,W00,World,7108,"Gold (including gold plated with platinum) unwrought or in semi-manufactured forms, or in powder form",170725487.624,165734627.069,170725487.624,5088.224,0.0,6133.909,0.0,8,kg,-1,,False,True,False,4
2021-01-01,2021,1,20210101,2021,A,2021,52,M,Import,218,ECU,Ecuador,0,W00,World,7108,"Gold (including gold plated with platinum) unwrought or in semi-manufactured forms, or in powder form",12921.741,12641.444,12921.741,0.0,0.0,7.928,0.0,-1,,-1,,False,True,False,4
2021-01-01,2021,1,20210101,2021,A,2021,52,M,Import,222,SLV,El Salvador,0,W00,World,7108,"Gold (including gold plated with platinum) unwrought or in semi-manufactured forms, or in powder form",421175.77,0.0,421175.77,14.05,14.05,14.05,0.0,8,kg,8,kg,False,True,False,4
2021-01-01,2021,1,20210101,2021,A,2021,52,M,Import,231,ETH,Ethiopia,0,W00,World,7108,"Gold (including gold plated with platinum) unwrought or in semi-manufactured forms, or in powder form",2.13,0.0,2.13,0.0,0.0,0.0,0.0,-1,,-1,,False,True,False,4
2021-01-01,2021,1,20210101,2021,A,2021,52,M,Import,233,EST,Estonia,0,W00,World,7108,"Gold (including gold plated with platinum) unwrought or in semi-manufactured forms, or in powder form",188572099.64,,188572099.64,3287.474,3287473.97,3287.473,0.0,8,kg,15,g,False,True,False,4
2021-01-01,2021,1,20210101,2021,A,2021,52,M,Import,242,FJI,Fiji,0,W00,World,7108,"Gold (including gold plated with platinum) unwrought or in semi-manufactured forms, or in powder form",7829.971,0.0,7829.971,1.0,1.0,1.0,0.0,8,kg,8,kg,False,True,False,4
2021-01-01,2021,1,20210101,2021,A,2021,52,M,Import,246,FIN,Finland,0,W00,World,7108,"Gold (including gold plated with platinum) unwrought or in semi-manufactured forms, or in powder form",68094589.126,0.0,68094589.126,1454.469,0.0,1519.749,0.0,8,kg,-1,,False,True,False,4
2021-01-01,2021,1,20210101,2021,A,2021,52,M,Import,251,FRA,France,0,W00,World,7108,"Gold (including gold plated with platinum) unwrought or in semi-manufactured forms, or in powder form",1545252297.821,,1545252297.821,34765.144,34765144.0,,0.0,8,kg,15,g,False,True,False,4
2021-01-01,2021,1,20210101,2021,A,2021,52,M,Import,258,PYF,French Polynesia,0,W00,World,7108,"Gold (including gold plated with platinum) unwrought or in semi-manufactured forms, or in powder form",241160.886,,241160.886,11.4,0.0,11.4,0.0,8,kg,-1,,False,True,False,4
2021-01-01,2021,1,20210101,2021,A,2021,52,M,Import,262,DJI,Djibouti,0,W00,World,7108,"Gold (including gold plated with platinum) unwrought or in semi-manufactured forms, or in powder form",787.78,,787.78,1.0,1.0,1.0,0.0,8,kg,8,kg,False,True,False,4
2021-01-01,2021,1,20210101,2021,A,2021,52,M,Import,270,GMB,Gambia,0,W00,World,7108,"Gold (including gold plated with platinum) unwrought or in semi-manufactured forms, or in powder form",839.72,0.0,839.72,0.0,0.0,0.0,0.0,-1,,-1,,False,True,False,4
2021-01-01,2021,1,20210101,2021,A,2021,52,M,Import,275,PSE,State of Palestine,0,W00,World,7108,"Gold (including gold plated with platinum) unwrought or in semi-manufactured forms, or in powder form",40.73,0.0,40.73,0.001,0.0,0.001,0.0,8,kg,-1,,False,True,False,4
2021-01-01,2021,1,20210101,2021,A,2021,52,M,Import,276,DEU,Germany,0,W00,World,7108,"Gold (including gold plated with platinum) unwrought or in semi-manufactured forms, or in powder form",11080172019.515,0.0,11080172019.515,193759.776,0.0,193725.373,0.0,8,kg,-1,,False,True,False,4
2021-01-01,2021,1,20210101,2021,A,2021,52,M,Import,288,GHA,Ghana,0,W00,World,7108,"Gold (including gold plated with platinum) unwrought or in semi-manufactured forms, or in powder form",1256.517,,1256.517,0.0,0.0,,0.0,-1,,-1,,False,True,False,4
2021-01-01,2021,1,20210101,2021,A,2021,52,M,Import,300,GRC,Greece,0,W00,World,7108,"Gold (including gold plated with platinum) unwrought or in semi-manufactured forms, or in powder form",13637628.54,0.0,13637628.54,331.143,328146.0,0.0,0.0,8,kg,15,g,False,True,False,4
2021-01-01,2021,1,20210101,2021,A,2021,52,M,Import,308,GRD,Grenada,0,W00,World,7108,"Gold (including gold plated with platinum) unwrought or in semi-manufactured forms, or in powder form",204.074,0.0,204.074,0.0,0.0,0.0,0.0,-1,,-1,,False,True,False,4
2021-01-01,2021,1,20210101,2021,A,2021,52,M,Import,320,GTM,Guatemala,0,W00,World,7108,"Gold (including gold plated with platinum) unwrought or in semi-manufactured forms, or in powder form",1222830.0,0.0,1222830.0,93.628,0.0,93.628,0.0,8,kg,-1,,False,True,False,4
2021-01-01,2021,1,20210101,2021,A,2021,52,M,Import,328,GUY,Guyana,0,W00,World,7108,"Gold (including gold plated with platinum) unwrought or in semi-manufactured forms, or in powder form",116.043,110.518,116.043,0.0,0.0,,0.0,-1,,-1,,False,True,False,4
2021-01-01,2021,1,20210101,2021,A,2021,52,M,Import,340,HND,Honduras,0,W00,World,7108,"Gold (including gold plated with platinum) unwrought or in semi-manufactured forms, or in powder form",148094.37,0.0,148094.37,16.81,16.81,16.81,0.0,8,kg,8,kg,False,True,False,4
2021-01-01,2021,1,20210101,2021,A,2021,52,M,Import,344,HKG,"China, Hong Kong SAR",0,W00,World,7108,"Gold (including gold plated with platinum) unwrought or in semi-manufactured forms, or in powder form",29132255816.791,0.0,29132255816.791,522472.0,522472.0,522472.0,0.0,8,kg,8,kg,False,True,False,4
2021-01-01,2021,1,20210101,2021,A,2021,52,M,Import,348,HUN,Hungary,0,W00,World,7108,"Gold (including gold plated with platinum) unwrought or in semi-manufactured forms, or in powder form",119872769.0,0.0,119872769.0,0.0,0.0,0.0,0.0,-1,,-1,,False,True,False,4
2021-01-01,2021,1,20210101,2021,A,2021,52,M,Import,352,ISL,Iceland,0,W00,World,7108,"Gold (including gold plated with platinum) unwrought or in semi-manufactured forms, or in powder form",758853.647,735711.471,758853.647,13.572,0.0,13.572,0.0,8,kg,-1,,False,True,False,4
2021-01-01,2021,1,20210101,2021,A,2021,52,M,Import,360,IDN,Indonesia,0,W00,World,7108,"Gold (including gold plated with platinum) unwrought or in semi-manufactured forms, or in powder form",2681663331.0,0.0,2681663331.0,0.0,0.0,0.0,0.0,-1,,-1,,False,True,False,4
2021-01-01,2021,1,20210101,2021,A,2021,52,M,Import,372,IRL,Ireland,0,W00,World,7108,"Gold (including gold plated with platinum) unwrought or in semi-manufactured forms, or in powder form",36783095.905,,36783095.905,2128.664,0.0,,0.0,8,kg,-1,,False,True,False,4
2021-01-01,2021,1,20210101,2021,A,2021,52,M,Import,376,ISR,Israel,0,W00,World,7108,"Gold (including gold plated with platinum) unwrought or in semi-manufactured forms, or in powder form",89991000.0,0.0,89991000.0,1696.645,0.0,1696.645,0.0,8,kg,-1,,False,True,False,4
2021-01-01,2021,1,20210101,2021,A,2021,52,M,Import,380,ITA,Italy,0,W00,World,7108,"Gold (including gold plated with platinum) unwrought or in semi-manufactured forms, or in powder form",7494949329.75,,7494949329.75,182031.17,0.0,,0.0,8,kg,-1,,False,True,False,4
2021-01-01,2021,1,20210101,2021,A,2021,52,M,Import,388,JAM,Jamaica,0,W00,World,7108,"Gold (including gold plated with platinum) unwrought or in semi-manufactured forms, or in powder form",93.89,,93.89,0.19,0.19,0.19,0.0,8,kg,8,kg,False,True,False,4
2021-01-01,2021,1,20210101,2021,A,2021,52,M,Import,392,JPN,Japan,0,W00,World,7108,"Gold (including gold plated with platinum) unwrought or in semi-manufactured forms, or in powder form",298365903.302,0.0,298365903.302,5313.85,5313850.0,5313.85,0.0,8,kg,15,g,False,True,False,4
2021-01-01,2021,1,20210101,2021,A,2021,52,M,Import,398,KAZ,Kazakhstan,0,W00,World,7108,"Gold (including gold plated with platinum) unwrought or in semi-manufactured forms, or in powder form",366484630.6,,366484630.6,0.0,0.0,,0.0,-1,,-1,,False,True,False,4
2021-01-01,2021,1,20210101,2021,A,2021,52,M,Import,400,JOR,Jordan,0,W00,World,7108,"Gold (including gold plated with platinum) unwrought or in semi-manufactured forms, or in powder form",1106928406.327,0.0,1106928406.327,21755.086,0.0,21755.086,0.0,8,kg,-1,,False,True,False,4
2021-01-01,2021,1,20210101,2021,A,2021,52,M,Import,404,KEN,Kenya,0,W00,World,7108,"Gold (including gold plated with platinum) unwrought or in semi-manufactured forms, or in powder form",13294.602,0.0,13294.602,1.8,1800.0,1.8,0.0,8,kg,15,g,False,True,False,4
2021-01-01,2021,1,20210101,2021,A,2021,52,M,Import,410,KOR,Rep. of Korea,0,W00,World,7108,"Gold (including gold plated with platinum) unwrought or in semi-manufactured forms, or in powder form",2569351911.0,,2569351911.0,0.0,0.0,,0.0,-1,,-1,,False,True,False,4
2021-01-01,2021,1,20210101,2021,A,2021,52,M,Import,414,KWT,Kuwait,0,W00,World,7108,"Gold (including gold plated with platinum) unwrought or in semi-manufactured forms, or in powder form",1035634205.0,,1035634205.0,20223.488,20223.488,20223.488,0.0,8,kg,8,kg,False,True,False,4
2021-01-01,2021,1,20210101,2021,A,2021,52,M,Import,417,KGZ,Kyrgyzstan,0,W00,World,7108,"Gold (including gold plated with platinum) unwrought or in semi-manufactured forms, or in powder form",20521852.0,,20521852.0,400.054,400054.0,,0.0,8,kg,15,g,False,True,False,4
2021-01-01,2021,1,20210101,2021,A,2021,52,M,Import,418,LAO,Lao People's Dem. Rep.,0,W00,World,7108,"Gold (including gold plated with platinum) unwrought or in semi-manufactured forms, or in powder form",267288501.59,0.0,267288501.59,4710.44,4710.44,4710.44,0.0,8,kg,8,kg,False,True,False,4
2021-01-01,2021,1,20210101,2021,A,2021,52,M,Import,422,LBN,Lebanon,0,W00,World,7108,"Gold (including gold plated with platinum) unwrought or in semi-manufactured forms, or in powder form",665731607.0,0.0,665731607.0,12470.375,0.0,12470.375,0.0,8,kg,-1,,False,True,False,4
2021-01-01,2021,1,20210101,2021,A,2021,52,M,Import,428,LVA,Latvia,0,W00,World,7108,"Gold (including gold plated with platinum) unwrought or in semi-manufactured forms, or in powder form",20018617.777,,20018617.777,341.822,341822.0,332.993,0.0,8,kg,15,g,False,True,False,4
2021-01-01,2021,1,20210101,2021,A,2021,52,M,Import,440,LTU,Lithuania,0,W00,World,7108,"Gold (including gold plated with platinum) unwrought or in semi-manufactured forms, or in powder form",26518100.0,0.0,26518100.0,457.859,0.0,459.54,0.0,8,kg,-1,,False,True,False,4
2021-01-01,2021,1,20210101,2021,A,2021,52,M,Import,442,LUX,Luxembourg,0,W00,World,7108,"Gold (including gold plated with platinum) unwrought or in semi-manufactured forms, or in powder form",77644290.097,77055293.861,77644290.097,1653.467,0.0,2138.544,0.0,8,kg,-1,,False,True,False,4
2021-01-01,2021,1,20210101,2021,A,2021,52,M,Import,446,MAC,"China, Macao SAR",0,W00,World,7108,"Gold (including gold plated with platinum) unwrought or in semi-manufactured forms, or in powder form",13072696.747,0.0,13072696.747,242.871,0.0,242.871,0.0,8,kg,-1,,False,True,False,4
2021-01-01,2021,1,20210101,2021,A,2021,52,M,Import,458,MYS,Malaysia,0,W00,World,7108,"Gold (including gold plated with platinum) unwrought or in semi-manufactured forms, or in powder form",4209653183.012,0.0,4209653183.012,73391.14,73391.14,73391.14,0.0,8,kg,8,kg,False,True,False,4
2021-01-01,2021,1,20210101,2021,A,2021,52,M,Import,462,MDV,Maldives,0,W00,World,7108,"Gold (including gold plated with platinum) unwrought or in semi-manufactured forms, or in powder form",34793.375,0.0,34793.375,0.482,481.5,0.482,0.0,8,kg,15,g,False,True,False,4
2021-01-01,2021,1,20210101,2021,A,2021,52,M,Import,466,MLI,Mali,0,W00,World,7108,"Gold (including gold plated with platinum) unwrought or in semi-manufactured forms, or in powder form",1506084.419,,1506084.419,0.0,0.0,,0.0,-1,,-1,,False,True,False,4
2021-01-01,2021,1,20210101,2021,A,2021,52,M,Import,470,MLT,Malta,0,W00,World,7108,"Gold (including gold plated with platinum) unwrought or in semi-manufactured forms, or in powder form",4138748.974,,4138748.974,479.604,0.0,,0.0,8,kg,-1,,False,True,False,4
2021-01-01,2021,1,20210101,2021,A,2021,52,M,Import,478,MRT,Mauritania,0,W00,World,7108,"Gold (including gold plated with platinum) unwrought or in semi-manufactured forms, or in powder form",138666643.0,,138666643.0,2395.0,2395.0,2395.0,0.0,8,kg,8,kg,False,True,False,4
2021-01-01,2021,1,20210101,2021,A,2021,52,M,Import,480,MUS,Mauritius,0,W00,World,7108,"Gold (including gold plated with platinum) unwrought or in semi-manufactured forms, or in powder form",22446434.421,22105649.008,22446434.421,435.0,435.0,440.0,0.0,8,kg,8,kg,False,True,False,4
2021-01-01,2021,1,20210101,2021,A,2021,52,M,Import,484,MEX,Mexico,0,W00,World,7108,"Gold (including gold plated with platinum) unwrought or in semi-manufactured forms, or in powder form",,113669695.0,113669695.0,0.0,0.0,0.0,0.0,-1,,-1,,False,True,False,4
2021-01-01,2021,1,20210101,2021,A,2021,52,M,Import,490,S19,"Other Asia, nes",0,W00,World,7108,"Gold (including gold plated with platinum) unwrought or in semi-manufactured forms, or in powder form",2225357302.666,0.0,2225357302.666,38214.902,0.0,38214.902,0.0,8,kg,-1,,False,True,False,4
2021-01-01,2021,1,20210101,2021,A,2021,52,M,Import,496,MNG,Mongolia,0,W00,World,7108,"Gold (including gold plated with platinum) unwrought or in semi-manufactured forms, or in powder form",9953.05,0.0,9953.05,0.2,0.2,1.04,0.0,8,kg,8,kg,False,True,False,4
2021-01-01,2021,1,20210101,2021,A,2021,52,M,Import,498,MDA,Rep. of Moldova,0,W00,World,7108,"Gold (including gold plated with platinum) unwrought or in semi-manufactured forms, or in powder form",208269.0,0.0,208269.0,4.324,4324.0,4.218,0.0,8,kg,15,g,False,True,False,4
2021-01-01,2021,1,20210101,2021,A,2021,52,M,Import,499,MNE,Montenegro,0,W00,World,7108,"Gold (including gold plated with platinum) unwrought or in semi-manufactured forms, or in powder form",15756.706,0.0,15756.706,0.256,256.0,0.0,0.0,8,kg,15,g,False,True,False,4
2021-01-01,2021,1,20210101,2021,A,2021,52,M,Import,504,MAR,Morocco,0,W00,World,7108,"Gold (including gold plated with platinum) unwrought or in semi-manufactured forms, or in powder form",16890331.192,0.0,16890331.192,0.0,0.0,0.0,0.0,-1,,-1,,False,True,False,4
2021-01-01,2021,1,20210101,2021,A,2021,52,M,Import,512,OMN,Oman,0,W00,World,7108,"Gold (including gold plated with platinum) unwrought or in semi-manufactured forms, or in powder form",600394685.666,,600394685.666,11880.794,0.0,11880.794,0.0,8,kg,-1,,False,True,False,4
2021-01-01,2021,1,20210101,2021,A,2021,52,M,Import,516,NAM,Namibia,0,W00,World,7108,"Gold (including gold plated with platinum) unwrought or in semi-manufactured forms, or in powder form",11537.726,,11537.726,0.0,0.0,,0.0,-1,,-1,,False,True,False,4
2021-01-01,2021,1,20210101,2021,A,2021,52,M,Import,524,NPL,Nepal,0,W00,World,7108,"Gold (including gold plated with platinum) unwrought or in semi-manufactured forms, or in powder form",325136820.63,0.0,325136820.63,5583.316,5583316.0,5583.316,0.0,8,kg,15,g,False,True,False,4
2021-01-01,2021,1,20210101,2021,A,2021,52,M,Import,528,NLD,Netherlands,0,W00,World,7108,"Gold (including gold plated with platinum) unwrought or in semi-manufactured forms, or in powder form",537092688.267,0.0,537092688.267,0.0,0.0,0.0,0.0,-1,,-1,,False,True,False,4
2021-01-01,2021,1,20210101,2021,A,2021,52,M,Import,533,ABW,Aruba,0,W00,World,7108,"Gold (including gold plated with platinum) unwrought or in semi-manufactured forms, or in powder form",41486.033,0.0,41486.033,10.1,10.1,10.1,0.0,8,kg,8,kg,False,True,False,4
2021-01-01,2021,1,20210101,2021,A,2021,52,M,Import,554,NZL,New Zealand,0,W00,World,7108,"Gold (including gold plated with platinum) unwrought or in semi-manufactured forms, or in powder form",126309014.201,126099586.419,126309014.201,2150.446,2150446.0,2150.446,0.0,8,kg,15,g,False,True,False,4
2021-01-01,2021,1,20210101,2021,A,2021,52,M,Import,558,NIC,Nicaragua,0,W00,World,7108,"Gold (including gold plated with platinum) unwrought or in semi-manufactured forms, or in powder form",3546566.89,0.0,3546566.89,179.116,0.0,179.116,0.0,8,kg,-1,,False,True,False,4
2021-01-01,2021,1,20210101,2021,A,2021,52,M,Import,562,NER,Niger,0,W00,World,7108,"Gold (including gold plated with platinum) unwrought or in semi-manufactured forms, or in powder form",10455.649,,10455.649,0.0,0.0,,0.0,-1,,-1,,False,True,False,4
2021-01-01,2021,1,20210101,2021,A,2021,52,M,Import,566,NGA,Nigeria,0,W00,World,7108,"Gold (including gold plated with platinum) unwrought or in semi-manufactured forms, or in powder form",887.398,0.0,887.398,0.0,0.0,0.0,0.0,-1,,-1,,False,True,False,4
2021-01-01,2021,1,20210101,2021,A,2021,52,M,Import,579,NOR,Norway,0,W00,World,7108,"Gold (including gold plated with platinum) unwrought or in semi-manufactured forms, or in powder form",7619262.86,,7619262.86,1012.454,0.0,1012.454,0.0,8,kg,-1,,False,True,False,4
2021-01-01,2021,1,20210101,2021,A,2021,52,M,Import,586,PAK,Pakistan,0,W00,World,7108,"Gold (including gold plated with platinum) unwrought or in semi-manufactured forms, or in powder form",14792373.863,0.0,14792373.863,243.837,243837.0,243.837,0.0,8,kg,15,g,False,True,False,4
2021-01-01,2021,1,20210101,2021,A,2021,52,M,Import,591,PAN,Panama,0,W00,World,7108,"Gold (including gold plated with platinum) unwrought or in semi-manufactured forms, or in powder form",1945293.0,0.0,1945293.0,79.002,0.0,79.002,83.0,8,kg,-1,,False,True,False,4
2021-01-01,2021,1,20210101,2021,A,2021,52,M,Import,598,PNG,Papua New Guinea,0,W00,World,7108,"Gold (including gold plated with platinum) unwrought or in semi-manufactured forms, or in powder form",29857.154,,29857.154,0.0,0.0,,0.0,-1,,-1,,False,True,False,4
2021-01-01,2021,1,20210101,2021,A,2021,52,M,Import,604,PER,Peru,0,W00,World,7108,"Gold (including gold plated with platinum) unwrought or in semi-manufactured forms, or in powder form",89692.07,0.0,89692.07,10.33,10.33,10.33,0.0,8,kg,8,kg,False,True,False,4
2021-01-01,2021,1,20210101,2021,A,2021,52,M,Import,608,PHL,Philippines,0,W00,World,7108,"Gold (including gold plated with platinum) unwrought or in semi-manufactured forms, or in powder form",93694288.0,90119285.0,93694288.0,0.0,0.0,,20923.7,-1,,-1,,False,True,False,4
2021-01-01,2021,1,20210101,2021,A,2021,52,M,Import,616,POL,Poland,0,W00,World,7108,"Gold (including gold plated with platinum) unwrought or in semi-manufactured forms, or in powder form",399864553.0,0.0,399864553.0,8148.987,0.0,7312.462,0.0,8,kg,-1,,False,True,False,4
2021-01-01,2021,1,20210101,2021,A,2021,52,M,Import,620,PRT,Portugal,0,W00,World,7108,"Gold (including gold plated with platinum) unwrought or in semi-manufactured forms, or in powder form",57162735.699,,57162735.699,1172.361,1172360.5,1171.926,0.0,8,kg,15,g,False,True,False,4
2021-01-01,2021,1,20210101,2021,A,2021,52,M,Import,626,TLS,Timor-Leste,0,W00,World,7108,"Gold (including gold plated with platinum) unwrought or in semi-manufactured forms, or in powder form",2.3,,2.3,0.0,0.0,,0.0,-1,,-1,,False,True,False,4
2021-01-01,2021,1,20210101,2021,A,2021,52,M,Import,634,QAT,Qatar,0,W00,World,7108,"Gold (including gold plated with platinum) unwrought or in semi-manufactured forms, or in powder form",450273305.343,0.0,450273305.343,7363.5,7363.5,7363.5,0.0,8,kg,8,kg,False,True,False,4
2021-01-01,2021,1,20210101,2021,A,2021,52,M,Import,643,RUS,Russian Federation,0,W00,World,7108,"Gold (including gold plated with platinum) unwrought or in semi-manufactured forms, or in powder form",19313199.179,0.0,19313199.179,432.702,432701.51,622.388,0.0,8,kg,15,g,False,True,False,4
2021-01-01,2021,1,20210101,2021,A,2021,52,M,Import,646,RWA,Rwanda,0,W00,World,7108,"Gold (including gold plated with platinum) unwrought or in semi-manufactured forms, or in powder form",368262257.79,,368262257.79,6389.0,6389.0,6389.0,0.0,8,kg,8,kg,False,True,False,4
2021-01-01,2021,1,20210101,2021,A,2021,52,M,Import,670,VCT,Saint Vincent and the Grenadines,0,W00,World,7108,"Gold (including gold plated with platinum) unwrought or in semi-manufactured forms, or in powder form",23.215,0.0,23.215,0.01,0.01,0.01,0.0,8,kg,8,kg,False,True,False,4
2021-01-01,2021,1,20210101,2021,A,2021,52,M,Import,682,SAU,Saudi Arabia,0,W00,World,7108,"Gold (including gold plated with platinum) unwrought or in semi-manufactured forms, or in powder form",3683659678.309,,3683659678.309,63092.304,0.0,63092.304,0.0,8,kg,-1,,False,True,False,4
2021-01-01,2021,1,20210101,2021,A,2021,52,M,Import,686,SEN,Senegal,0,W00,World,7108,"Gold (including gold plated with platinum) unwrought or in semi-manufactured forms, or in powder form",1047.071,0.0,1047.071,0.0,0.0,0.0,0.0,-1,,-1,,False,True,False,4
2021-01-01,2021,1,20210101,2021,A,2021,52,M,Import,688,SRB,Serbia,0,W00,World,7108,"Gold (including gold plated with platinum) unwrought or in semi-manufactured forms, or in powder form",43091425.0,40769262.0,43091425.0,720.8,720800.0,722.56,0.0,8,kg,15,g,False,True,False,4
2021-01-01,2021,1,20210101,2021,A,2021,52,M,Import,690,SYC,Seychelles,0,W00,World,7108,"Gold (including gold plated with platinum) unwrought or in semi-manufactured forms, or in powder form",268.898,,268.898,0.0,0.0,,0.0,-1,,-1,,False,True,False,4
2021-01-01,2021,1,20210101,2021,A,2021,52,M,Import,699,IND,India,0,W00,World,7108,"Gold (including gold plated with platinum) unwrought or in semi-manufactured forms, or in powder form",55782957847.473,0.0,55782957847.473,1067724.458,0.0,1067724.458,0.0,8,kg,-1,,False,True,False,4
2021-01-01,2021,1,20210101,2021,A,2021,52,M,Import,702,SGP,Singapore,0,W00,World,7108,"Gold (including gold plated with platinum) unwrought or in semi-manufactured forms, or in powder form",14458298777.86,,14458298777.86,254499.754,0.0,254499.754,0.0,8,kg,-1,,False,True,False,4
2021-01-01,2021,1,20210101,2021,A,2021,52,M,Import,703,SVK,Slovakia,0,W00,World,7108,"Gold (including gold plated with platinum) unwrought or in semi-manufactured forms, or in powder form",51487312.561,51236169.483,51487312.561,0.0,0.0,,0.0,-1,,-1,,False,True,False,4
2021-01-01,2021,1,20210101,2021,A,2021,52,M,Import,704,VNM,Viet Nam,0,W00,World,7108,"Gold (including gold plated with platinum) unwrought or in semi-manufactured forms, or in powder form",256671654.446,0.0,256671654.446,4656.012,0.0,4656.012,0.0,8,kg,-1,,False,True,False,4
2021-01-01,2021,1,20210101,2021,A,2021,52,M,Import,705,SVN,Slovenia,0,W00,World,7108,"Gold (including gold plated with platinum) unwrought or in semi-manufactured forms, or in powder form",213661398.218,0.0,213661398.218,3699.935,3699935.0,3731.169,0.0,8,kg,15,g,False,True,False,4
2021-01-01,2021,1,20210101,2021,A,2021,52,M,Import,710,ZAF,South Africa,0,W00,World,7108,"Gold (including gold plated with platinum) unwrought or in semi-manufactured forms, or in powder form",0.0,473982961.978,473982961.978,15397.72,15397.72,15397.72,0.0,8,kg,8,kg,False,True,False,4
2021-01-01,2021,1,20210101,2021,A,2021,52,M,Import,724,ESP,Spain,0,W00,World,7108,"Gold (including gold plated with platinum) unwrought or in semi-manufactured forms, or in powder form",1116599699.942,0.0,1116599699.942,19962.206,19980476.679,0.0,0.0,8,kg,15,g,False,True,False,4
2021-01-01,2021,1,20210101,2021,A,2021,52,M,Import,748,SWZ,Eswatini,0,W00,World,7108,"Gold (including gold plated with platinum) unwrought or in semi-manufactured forms, or in powder form",8.57,0.0,8.57,0.0,0.0,0.0,0.0,-1,,-1,,False,True,False,4
2021-01-01,2021,1,20210101,2021,A,2021,52,M,Import,752,SWE,Sweden,0,W00,World,7108,"Gold (including gold plated with platinum) unwrought or in semi-manufactured forms, or in powder form",69504733.758,,69504733.758,0.0,0.0,,0.0,-1,,-1,,False,True,False,4
2021-01-01,2021,1,20210101,2021,A,2021,52,M,Import,757,CHE,Switzerland,0,W00,World,7108,"Gold (including gold plated with platinum) unwrought or in semi-manufactured forms, or in powder form",92691613993.807,0.0,92691613993.807,0.0,0.0,0.0,0.0,-1,,-1,,False,True,False,4
2021-01-01,2021,1,20210101,2021,A,2021,52,M,Import,764,THA,Thailand,0,W00,World,7108,"Gold (including gold plated with platinum) unwrought or in semi-manufactured forms, or in powder form",8493338823.923,,8493338823.923,0.0,0.0,,0.0,-1,,-1,,False,True,False,4
2021-01-01,2021,1,20210101,2021,A,2021,52,M,Import,768,TGO,Togo,0,W00,World,7108,"Gold (including gold plated with platinum) unwrought or in semi-manufactured forms, or in powder form",4015806.889,4015806.889,4015806.889,0.0,0.0,,0.0,-1,,-1,,False,True,False,4
2021-01-01,2021,1,20210101,2021,A,2021,52,M,Import,776,TON,Tonga,0,W00,World,7108,"Gold (including gold plated with platinum) unwrought or in semi-manufactured forms, or in powder form",2446.162,,2446.162,0.052,0.0,0.052,0.0,8,kg,-1,,False,True,False,4
2021-01-01,2021,1,20210101,2021,A,2021,52,M,Import,780,TTO,Trinidad and Tobago,0,W00,World,7108,"Gold (including gold plated with platinum) unwrought or in semi-manufactured forms, or in powder form",559067.988,0.0,559067.988,35.415,0.0,35.415,0.0,8,kg,-1,,False,True,False,4
2021-01-01,2021,1,20210101,2021,A,2021,52,M,Import,784,ARE,United Arab Emirates,0,W00,World,7108,"Gold (including gold plated with platinum) unwrought or in semi-manufactured forms, or in powder form",48181868703.325,0.0,48181868703.325,978848.509,0.0,978848.509,0.0,8,kg,-1,,False,True,False,4
2021-01-01,2021,1,20210101,2021,A,2021,52,M,Import,788,TUN,Tunisia,0,W00,World,7108,"Gold (including gold plated with platinum) unwrought or in semi-manufactured forms, or in powder form",19156577.527,0.0,19156577.527,334.899,334899.0,356.0,0.0,8,kg,15,g,False,True,False,4
2021-01-01,2021,1,20210101,2021,A,2021,52,M,Import,792,TUR,Türkiye,0,W00,World,7108,"Gold (including gold plated with platinum) unwrought or in semi-manufactured forms, or in powder form",5498631688.0,5474071068.86,5498631688.0,120895.174,120895174.0,121006.0,0.0,8,kg,15,g,False,True,False,4
2021-01-01,2021,1,20210101,2021,A,2021,52,M,Import,800,UGA,Uganda,0,W00,World,7108,"Gold (including gold plated with platinum) unwrought or in semi-manufactured forms, or in powder form",1094593074.01,,1094593074.01,20449.638,14915178.0,,0.0,8,kg,15,g,False,True,False,4
2021-01-01,2021,1,20210101,2021,A,2021,52,M,Import,804,UKR,Ukraine,0,W00,World,7108,"Gold (including gold plated with platinum) unwrought or in semi-manufactured forms, or in powder form",118319188.45,0.0,118319188.45,0.0,1977733.94,2039.54,0.0,-1,,15,g,False,True,False,4
2021-01-01,2021,1,20210101,2021,A,2021,52,M,Import,807,MKD,North Macedonia,0,W00,World,7108,"Gold (including gold plated with platinum) unwrought or in semi-manufactured forms, or in powder form",437681.83,0.0,437681.83,7.548,7548.0,8.051,0.0,8,kg,15,g,False,True,False,4
2021-01-01,2021,1,20210101,2021,A,2021,52,M,Import,818,EGY,Egypt,0,W00,World,7108,"Gold (including gold plated with platinum) unwrought or in semi-manufactured forms, or in powder form",831310078.875,,831310078.875,14696.396,0.0,14696.396,0.0,8,kg,-1,,False,True,False,4
2021-01-01,2021,1,20210101,2021,A,2021,52,M,Import,826,GBR,United Kingdom,0,W00,World,7108,"Gold (including gold plated with platinum) unwrought or in semi-manufactured forms, or in powder form",53720881150.767,0.0,53720881150.767,925929.356,0.0,927417.854,0.0,8,kg,-1,,False,True,False,4
2021-01-01,2021,1,20210101,2021,A,2021,52,M,Import,834,TZA,United Rep. of Tanzania,0,W00,World,7108,"Gold (including gold plated with platinum) unwrought or in semi-manufactured forms, or in powder form",242124.69,0.0,242124.69,0.0,7.25,7.25,0.0,-1,,15,g,False,True,False,4
2021-01-01,2021,1,20210101,2021,A,2021,52,M,Import,842,USA,USA,0,W00,World,7108,"Gold (including gold plated with platinum) unwrought or in semi-manufactured forms, or in powder form",13891967131.0,0.0,13891967131.0,248628.909,0.0,248628.909,0.0,8,kg,-1,,False,True,False,4
2021-01-01,2021,1,20210101,2021,A,2021,52,M,Import,854,BFA,Burkina Faso,0,W00,World,7108,"Gold (including gold plated with platinum) unwrought or in semi-manufactured forms, or in powder form",4141.981,0.0,4141.981,1.0,1.0,1.0,0.0,8,kg,8,kg,False,True,False,4
2021-01-01,2021,1,20210101,2021,A,2021,52,M,Import,858,URY,Uruguay,0,W00,World,7108,"Gold (including gold plated with platinum) unwrought or in semi-manufactured forms, or in powder form",1155.06,974.81,1155.06,3.642,3.642,3.642,0.0,8,kg,8,kg,False,True,False,4
2021-01-01,2021,1,20210101,2021,A,2021,52,M,Import,860,UZB,Uzbekistan,0,W00,World,7108,"Gold (including gold plated with platinum) unwrought or in semi-manufactured forms, or in powder form",11648630.99,0.0,11648630.99,206.322,0.0,206.322,0.0,8,kg,-1,,False,True,False,4
2021-01-01,2021,1,20210101,2021,A,2021,52,M,Import,882,WSM,Samoa,0,W00,World,7108,"Gold (including gold plated with platinum) unwrought or in semi-manufactured forms, or in powder form",6344.841,0.0,6344.841,0.007,6.5,0.007,0.0,8,kg,15,g,False,True,False,4
2021-01-01,2021,1,20210101,2021,A,2021,52,M,Import,894,ZMB,Zambia,0,W00,World,7108,"Gold (including gold plated with platinum) unwrought or in semi-manufactured forms, or in powder form",4418.032,662.737,4418.032,0.003,3.0,,0.0,8,kg,15,g,False,True,False,4
2022-01-01,2022,1,20220101,2022,A,2022,52,M,Import,20,AND,Andorra,0,W00,World,7108,"Gold (including gold plated with platinum) unwrought or in semi-manufactured forms, or in powder form",16428981.249,,16428981.249,913.58,913.58,913.58,0.0,8,kg,8,kg,False,True,False,4
2022-01-01,2022,1,20220101,2022,A,2022,52,M,Import,24,AGO,Angola,0,W00,World,7108,"Gold (including gold plated with platinum) unwrought or in semi-manufactured forms, or in powder form",711.33,708.475,711.33,0.0,0.0,,0.0,-1,,-1,,False,True,False,4
2022-01-01,2022,1,20220101,2022,A,2022,52,M,Import,28,ATG,Antigua and Barbuda,0,W00,World,7108,"Gold (including gold plated with platinum) unwrought or in semi-manufactured forms, or in powder form",24603.696,,24603.696,0.0,0.0,,0.0,-1,,-1,,False,True,False,4
2022-01-01,2022,1,20220101,2022,A,2022,52,M,Import,31,AZE,Azerbaijan,0,W00,World,7108,"Gold (including gold plated with platinum) unwrought or in semi-manufactured forms, or in powder form",3794615.83,,3794615.83,64.752,64751.7,64.752,0.0,8,kg,15,g,False,True,False,4
2022-01-01,2022,1,20220101,2022,A,2022,52,M,Import,32,ARG,Argentina,0,W00,World,7108,"Gold (including gold plated with platinum) unwrought or in semi-manufactured forms, or in powder form",79631.95,78486.89,79631.95,3.93,3.93,3.93,0.0,8,kg,8,kg,False,True,False,4
2022-01-01,2022,1,20220101,2022,A,2022,52,M,Import,36,AUS,Australia,0,W00,World,7108,"Gold (including gold plated with platinum) unwrought or in semi-manufactured forms, or in powder form",4838140756.32,4826037928.95,4838140756.32,85627.775,0.0,85627.775,0.0,8,kg,-1,,False,True,False,4
2022-01-01,2022,1,20220101,2022,A,2022,52,M,Import,40,AUT,Austria,0,W00,World,7108,"Gold (including gold plated with platinum) unwrought or in semi-manufactured forms, or in powder form",6409101346.47,,6409101346.47,110723.131,0.0,110723.131,0.0,8,kg,-1,,False,True,False,4
2022-01-01,2022,1,20220101,2022,A,2022,52,M,Import,44,BHS,Bahamas,0,W00,World,7108,"Gold (including gold plated with platinum) unwrought or in semi-manufactured forms, or in powder form",87032.0,,87032.0,0.0,0.0,,0.0,-1,,-1,,False,True,False,4
2022-01-01,2022,1,20220101,2022,A,2022,52,M,Import,48,BHR,Bahrain,0,W00,World,7108,"Gold (including gold plated with platinum) unwrought or in semi-manufactured forms, or in powder form",405381039.3,,405381039.3,7066.656,7066656.1,,0.0,8,kg,15,g,False,True,False,4
2022-01-01,2022,1,20220101,2022,A,2022,52,M,Import,51,ARM,Armenia,0,W00,World,7108,"Gold (including gold plated with platinum) unwrought or in semi-manufactured forms, or in powder form",234586473.81,,234586473.81,4870.157,4870156.953,4871.705,0.0,8,kg,15,g,False,True,False,4
2022-01-01,2022,1,20220101,2022,A,2022,52,M,Import,52,BRB,Barbados,0,W00,World,7108,"Gold (including gold plated with platinum) unwrought or in semi-manufactured forms, or in powder form",13711.0,,13711.0,29.127,0.0,29.127,0.0,8,kg,-1,,False,True,False,4
2022-01-01,2022,1,20220101,2022,A,2022,52,M,Import,56,BEL,Belgium,0,W00,World,7108,"Gold (including gold plated with platinum) unwrought or in semi-manufactured forms, or in powder form",700247242.81,,700247242.81,0.0,0.0,,0.0,-1,,-1,,False,True,False,4
2022-01-01,2022,1,20220101,2022,A,2022,52,M,Import,60,BMU,Bermuda,0,W00,World,7108,"Gold (including gold plated with platinum) unwrought or in semi-manufactured forms, or in powder form",,1096.66,1096.66,6.5,6.5,6.5,0.0,8,kg,8,kg,False,True,False,4
2022-01-01,2022,1,20220101,2022,A,2022,52,M,Import,64,BTN,Bhutan,0,W00,World,7108,"Gold (including gold plated with platinum) unwrought or in semi-manufactured forms, or in powder form",592581.146,,592581.146,10.004,10004.0,10.004,0.0,8,kg,15,g,False,True,False,4
2022-01-01,2022,1,20220101,2022,A,2022,52,M,Import,68,BOL,Bolivia (Plurinational State of),0,W00,World,7108,"Gold (including gold plated with platinum) unwrought or in semi-manufactured forms, or in powder form",327587.0,320882.0,327587.0,6.008,0.0,,0.0,8,kg,-1,,False,True,False,4
2022-01-01,2022,1,20220101,2022,A,2022,52,M,Import,70,BIH,Bosnia Herzegovina,0,W00,World,7108,"Gold (including gold plated with platinum) unwrought or in semi-manufactured forms, or in powder form",1643073.4,,1643073.4,0.0,0.0,,0.0,-1,,-1,,False,True,False,4
2022-01-01,2022,1,20220101,2022,A,2022,52,M,Import,72,BWA,Botswana,0,W00,World,7108,"Gold (including gold plated with platinum) unwrought or in semi-manufactured forms, or in powder form",75609.896,,75609.896,0.0,0.0,,0.0,-1,,-1,,False,True,False,4
2022-01-01,2022,1,20220101,2022,A,2022,52,M,Import,76,BRA,Brazil,0,W00,World,7108,"Gold (including gold plated with platinum) unwrought or in semi-manufactured forms, or in powder form",4121504.0,4058672.0,4121504.0,0.0,0.0,0.0,0.0,-1,,-1,,False,True,False,4
2022-01-01,2022,1,20220101,2022,A,2022,52,M,Import,96,BRN,Brunei Darussalam,0,W00,World,7108,"Gold (including gold plated with platinum) unwrought or in semi-manufactured forms, or in powder form",3684972.201,,3684972.201,0.0,0.0,,0.0,-1,,-1,,False,True,False,4
2022-01-01,2022,1,20220101,2022,A,2022,52,M,Import,100,BGR,Bulgaria,0,W00,World,7108,"Gold (including gold plated with platinum) unwrought or in semi-manufactured forms, or in powder form",31532198.186,,31532198.186,532.25,0.0,659.394,0.0,8,kg,-1,,False,True,False,4
2022-01-01,2022,1,20220101,2022,A,2022,52,M,Import,116,KHM,Cambodia,0,W00,World,7108,"Gold (including gold plated with platinum) unwrought or in semi-manufactured forms, or in powder form",4481167731.03,,4481167731.03,76892.0,76892.0,76892.0,0.0,8,kg,8,kg,False,True,False,4
2022-01-01,2022,1,20220101,2022,A,2022,52,M,Import,124,CAN,Canada,0,W00,World,7108,"Gold (including gold plated with platinum) unwrought or in semi-manufactured forms, or in powder form",,8105454825.664,8105454825.664,281089.02,0.0,281089.02,0.0,8,kg,-1,,False,True,False,4
2022-01-01,2022,1,20220101,2022,A,2022,52,M,Import,136,CYM,Cayman Isds,0,W00,World,7108,"Gold (including gold plated with platinum) unwrought or in semi-manufactured forms, or in powder form",41357975.512,,41357975.512,794.573,0.0,794.573,0.0,8,kg,-1,,False,True,False,4
2022-01-01,2022,1,20220101,2022,A,2022,52,M,Import,144,LKA,Sri Lanka,0,W00,World,7108,"Gold (including gold plated with platinum) unwrought or in semi-manufactured forms, or in powder form",1702749.785,0.0,1702749.785,28.53,28.53,28.53,0.0,8,kg,8,kg,False,True,False,4
2022-01-01,2022,1,20220101,2022,A,2022,52,M,Import,152,CHL,Chile,0,W00,World,7108,"Gold (including gold plated with platinum) unwrought or in semi-manufactured forms, or in powder form",129499.54,125375.7,129499.54,0.0,0.0,,0.0,-1,,-1,,False,True,False,4
2022-01-01,2022,1,20220101,2022,A,2022,52,M,Import,156,CHN,China,0,W00,World,7108,"Gold (including gold plated with platinum) unwrought or in semi-manufactured forms, or in powder form",76653531864.0,,76653531864.0,1345342.247,1345342247.0,1345342.247,0.0,8,kg,15,g,False,True,False,4
2022-01-01,2022,1,20220101,2022,A,2022,52,M,Import,170,COL,Colombia,0,W00,World,7108,"Gold (including gold plated with platinum) unwrought or in semi-manufactured forms, or in powder form",12727.77,12023.8,12727.77,1.48,1.48,1.48,0.0,8,kg,8,kg,False,True,False,4
2022-01-01,2022,1,20220101,2022,A,2022,52,M,Import,174,COM,Comoros,0,W00,World,7108,"Gold (including gold plated with platinum) unwrought or in semi-manufactured forms, or in powder form",228561.195,,228561.195,0.93,0.93,0.93,0.0,8,kg,8,kg,False,True,False,4
2022-01-01,2022,1,20220101,2022,A,2022,52,M,Import,188,CRI,Costa Rica,0,W00,World,7108,"Gold (including gold plated with platinum) unwrought or in semi-manufactured forms, or in powder form",1083393.18,,1083393.18,459.347,0.0,459.347,0.0,8,kg,-1,,False,True,False,4
2022-01-01,2022,1,20220101,2022,A,2022,52,M,Import,191,HRV,Croatia,0,W00,World,7108,"Gold (including gold plated with platinum) unwrought or in semi-manufactured forms, or in powder form",246948587.0,,246948587.0,4241.895,4241895.423,4277.046,0.0,8,kg,15,g,False,True,False,4
2022-01-01,2022,1,20220101,2022,A,2022,52,M,Import,192,CUB,Cuba,0,W00,World,7108,"Gold (including gold plated with platinum) unwrought or in semi-manufactured forms, or in powder form",4260.45,,4260.45,5.6,5600.0,5.6,0.0,8,kg,15,g,False,True,False,4
2022-01-01,2022,1,20220101,2022,A,2022,52,M,Import,196,CYP,Cyprus,0,W00,World,7108,"Gold (including gold plated with platinum) unwrought or in semi-manufactured forms, or in powder form",30492167.746,,30492167.746,516.238,516238.0,578.025,0.0,8,kg,15,g,False,True,False,4
2022-01-01,2022,1,20220101,2022,A,2022,52,M,Import,203,CZE,Czechia,0,W00,World,7108,"Gold (including gold plated with platinum) unwrought or in semi-manufactured forms, or in powder form",541791818.0,531962926.0,541791818.0,0.0,0.0,,0.0,-1,,-1,,False,True,False,4
2022-01-01,2022,1,20220101,2022,A,2022,52,M,Import,204,BEN,Benin,0,W00,World,7108,"Gold (including gold plated with platinum) unwrought or in semi-manufactured forms, or in powder form",2307403.192,,2307403.192,1437.0,1437.0,1437.0,0.0,8,kg,8,kg,False,True,False,4
2022-01-01,2022,1,20220101,2022,A,2022,52,M,Import,208,DNK,Denmark,0,W00,World,7108,"Gold (including gold plated with platinum) unwrought or in semi-manufactured forms, or in powder form",47241159.986,,47241159.986,4106.683,0.0,,0.0,8,kg,-1,,False,True,False,4
2022-01-01,2022,1,20220101,2022,A,2022,52,M,Import,212,DMA,Dominica,0,W00,World,7108,"Gold (including gold plated with platinum) unwrought or in semi-manufactured forms, or in powder form",135.555,,135.555,0.003,0.0,0.003,0.0,8,kg,-1,,False,True,False,4
2022-01-01,2022,1,20220101,2022,A,2022,52,M,Import,214,DOM,Dominican Rep.,0,W00,World,7108,"Gold (including gold plated with platinum) unwrought or in semi-manufactured forms, or in powder form",321479069.113,299016621.269,321479069.113,7410.036,0.0,,0.0,8,kg,-1,,False,True,False,4
2022-01-01,2022,1,20220101,2022,A,2022,52,M,Import,218,ECU,Ecuador,0,W00,World,7108,"Gold (including gold plated with platinum) unwrought or in semi-manufactured forms, or in powder form",105510.4,,105510.4,22.2,0.022,22.2,0.0,8,kg,21,1000 KG,False,True,False,4
2022-01-01,2022,1,20220101,2022,A,2022,52,M,Import,222,SLV,El Salvador,0,W00,World,7108,"Gold (including gold plated with platinum) unwrought or in semi-manufactured forms, or in powder form",756585.31,0.0,756585.31,21.64,21.64,21.64,0.0,8,kg,8,kg,False,True,False,4
2022-01-01,2022,1,20220101,2022,A,2022,52,M,Import,231,ETH,Ethiopia,0,W00,World,7108,"Gold (including gold plated with platinum) unwrought or in semi-manufactured forms, or in powder form",4192.951,,4192.951,0.0,0.0,,0.0,-1,,-1,,False,True,False,4
2022-01-01,2022,1,20220101,2022,A,2022,52,M,Import,233,EST,Estonia,0,W00,World,7108,"Gold (including gold plated with platinum) unwrought or in semi-manufactured forms, or in powder form",172862213.74,,172862213.74,2956.358,2956357.979,2956.359,0.0,8,kg,15,g,False,True,False,4
2022-01-01,2022,1,20220101,2022,A,2022,52,M,Import,242,FJI,Fiji,0,W00,World,7108,"Gold (including gold plated with platinum) unwrought or in semi-manufactured forms, or in powder form",6236.92,,6236.92,6.008,0.0,6.008,0.0,8,kg,-1,,False,True,False,4
2022-01-01,2022,1,20220101,2022,A,2022,52,M,Import,246,FIN,Finland,0,W00,World,7108,"Gold (including gold plated with platinum) unwrought or in semi-manufactured forms, or in powder form",109427552.599,,109427552.599,0.0,0.0,,0.0,-1,,-1,,False,True,False,4
2022-01-01,2022,1,20220101,2022,A,2022,52,M,Import,251,FRA,France,0,W00,World,7108,"Gold (including gold plated with platinum) unwrought or in semi-manufactured forms, or in powder form",1972672062.283,,1972672062.283,0.0,0.0,,0.0,-1,,-1,,False,True,False,4
2022-01-01,2022,1,20220101,2022,A,2022,52,M,Import,258,PYF,French Polynesia,0,W00,World,7108,"Gold (including gold plated with platinum) unwrought or in semi-manufactured forms, or in powder form",290722.768,,290722.768,10.092,10092.0,466.442,0.0,8,kg,15,g,False,True,False,4
2022-01-01,2022,1,20220101,2022,A,2022,52,M,Import,268,GEO,Georgia,0,W00,World,7108,"Gold (including gold plated with platinum) unwrought or in semi-manufactured forms, or in powder form",11806.383,,11806.383,0.492,0.492,0.492,0.0,8,kg,8,kg,False,True,False,4
2022-01-01,2022,1,20220101,2022,A,2022,52,M,Import,275,PSE,State of Palestine,0,W00,World,7108,"Gold (including gold plated with platinum) unwrought or in semi-manufactured forms, or in powder form",15175.647,,15175.647,0.278,0.0,0.278,0.0,8,kg,-1,,False,True,False,4
2022-01-01,2022,1,20220101,2022,A,2022,52,M,Import,276,DEU,Germany,0,W00,World,7108,"Gold (including gold plated with platinum) unwrought or in semi-manufactured forms, or in powder form",10690327190.945,,10690327190.945,187394.038,0.0,187348.955,0.0,8,kg,-1,,False,True,False,4
2022-01-01,2022,1,20220101,2022,A,2022,52,M,Import,288,GHA,Ghana,0,W00,World,7108,"Gold (including gold plated with platinum) unwrought or in semi-manufactured forms, or in powder form",3552.111,,3552.111,0.0,0.0,,0.0,-1,,-1,,False,True,False,4
2022-01-01,2022,1,20220101,2022,A,2022,52,M,Import,300,GRC,Greece,0,W00,World,7108,"Gold (including gold plated with platinum) unwrought or in semi-manufactured forms, or in powder form",17479941.731,,17479941.731,577.229,0.0,1414.269,0.0,8,kg,-1,,False,True,False,4
2022-01-01,2022,1,20220101,2022,A,2022,52,M,Import,308,GRD,Grenada,0,W00,World,7108,"Gold (including gold plated with platinum) unwrought or in semi-manufactured forms, or in powder form",18488.889,0.0,18488.889,0.0,0.0,0.0,0.0,-1,,-1,,False,True,False,4
2022-01-01,2022,1,20220101,2022,A,2022,52,M,Import,320,GTM,Guatemala,0,W00,World,7108,"Gold (including gold plated with platinum) unwrought or in semi-manufactured forms, or in powder form",1434810.0,,1434810.0,145.317,0.0,145.317,0.0,8,kg,-1,,False,True,False,4
2022-01-01,2022,1,20220101,2022,A,2022,52,M,Import,344,HKG,"China, Hong Kong SAR",0,W00,World,7108,"Gold (including gold plated with platinum) unwrought or in semi-manufactured forms, or in powder form",38013802272.55,,38013802272.55,667873.0,667873.0,667873.0,0.0,8,kg,8,kg,False,True,False,4
2022-01-01,2022,1,20220101,2022,A,2022,52,M,Import,348,HUN,Hungary,0,W00,World,7108,"Gold (including gold plated with platinum) unwrought or in semi-manufactured forms, or in powder form",278845749.0,,278845749.0,0.0,0.0,0.0,0.0,-1,,-1,,False,True,False,4
2022-01-01,2022,1,20220101,2022,A,2022,52,M,Import,352,ISL,Iceland,0,W00,World,7108,"Gold (including gold plated with platinum) unwrought or in semi-manufactured forms, or in powder form",683213.371,657290.766,683213.371,0.0,0.0,,0.0,-1,,-1,,False,True,False,4
2022-01-01,2022,1,20220101,2022,A,2022,52,M,Import,360,IDN,Indonesia,0,W00,World,7108,"Gold (including gold plated with platinum) unwrought or in semi-manufactured forms, or in powder form",3519419267.0,,3519419267.0,0.0,0.0,,0.0,-1,,-1,,False,True,False,4
2022-01-01,2022,1,20220101,2022,A,2022,52,M,Import,372,IRL,Ireland,0,W00,World,7108,"Gold (including gold plated with platinum) unwrought or in semi-manufactured forms, or in powder form",28243690.939,,28243690.939,0.0,0.0,,0.0,-1,,-1,,False,True,False,4
2022-01-01,2022,1,20220101,2022,A,2022,52,M,Import,376,ISR,Israel,0,W00,World,7108,"Gold (including gold plated with platinum) unwrought or in semi-manufactured forms, or in powder form",60219000.0,,60219000.0,1109.054,0.0,1109.054,0.0,8,kg,-1,,False,True,False,4
2022-01-01,2022,1,20220101,2022,A,2022,52,M,Import,380,ITA,Italy,0,W00,World,7108,"Gold (including gold plated with platinum) unwrought or in semi-manufactured forms, or in powder form",7161047981.242,,7161047981.242,190742.227,0.0,191252.204,0.0,8,kg,-1,,False,True,False,4
2022-01-01,2022,1,20220101,2022,A,2022,52,M,Import,384,CIV,Côte d'Ivoire,0,W00,World,7108,"Gold (including gold plated with platinum) unwrought or in semi-manufactured forms, or in powder form",1191.107,,1191.107,0.0,0.0,,0.0,-1,,-1,,False,True,False,4
2022-01-01,2022,1,20220101,2022,A,2022,52,M,Import,392,JPN,Japan,0,W00,World,7108,"Gold (including gold plated with platinum) unwrought or in semi-manufactured forms, or in powder form",273056878.029,0.0,273056878.029,4888.857,4888857.0,4888.857,0.0,8,kg,15,g,False,True,False,4
2022-01-01,2022,1,20220101,2022,A,2022,52,M,Import,398,KAZ,Kazakhstan,0,W00,World,7108,"Gold (including gold plated with platinum) unwrought or in semi-manufactured forms, or in powder form",249096831.5,,249096831.5,4940.15,0.0,4940.15,0.0,8,kg,-1,,False,True,False,4
2022-01-01,2022,1,20220101,2022,A,2022,52,M,Import,400,JOR,Jordan,0,W00,World,7108,"Gold (including gold plated with platinum) unwrought or in semi-manufactured forms, or in powder form",2081260663.644,,2081260663.644,37868.712,0.0,37868.712,0.0,8,kg,-1,,False,True,False,4
2022-01-01,2022,1,20220101,2022,A,2022,52,M,Import,404,KEN,Kenya,0,W00,World,7108,"Gold (including gold plated with platinum) unwrought or in semi-manufactured forms, or in powder form",5081.192,,5081.192,2.08,2080.0,2.08,0.0,8,kg,15,g,False,True,False,4
2022-01-01,2022,1,20220101,2022,A,2022,52,M,Import,410,KOR,Rep. of Korea,0,W00,World,7108,"Gold (including gold plated with platinum) unwrought or in semi-manufactured forms, or in powder form",1158064469.0,,1158064469.0,21738.669,0.0,21738.669,0.0,8,kg,-1,,False,True,False,4
2022-01-01,2022,1,20220101,2022,A,2022,52,M,Import,414,KWT,Kuwait,0,W00,World,7108,"Gold (including gold plated with platinum) unwrought or in semi-manufactured forms, or in powder form",1113264476.916,,1113264476.916,19764.332,0.0,19764.332,0.0,8,kg,-1,,False,True,False,4
2022-01-01,2022,1,20220101,2022,A,2022,52,M,Import,417,KGZ,Kyrgyzstan,0,W00,World,7108,"Gold (including gold plated with platinum) unwrought or in semi-manufactured forms, or in powder form",25748368.0,,25748368.0,0.0,0.0,,0.0,-1,,-1,,False,True,False,4
2022-01-01,2022,1,20220101,2022,A,2022,52,M,Import,418,LAO,Lao People's Dem. Rep.,0,W00,World,7108,"Gold (including gold plated with platinum) unwrought or in semi-manufactured forms, or in powder form",278922554.19,,278922554.19,4999.276,4999.276,4999.276,0.0,8,kg,8,kg,False,True,False,4
2022-01-01,2022,1,20220101,2022,A,2022,52,M,Import,422,LBN,Lebanon,0,W00,World,7108,"Gold (including gold plated with platinum) unwrought or in semi-manufactured forms, or in powder form",1035426575.0,,1035426575.0,18744.0,18744.0,18744.0,0.0,8,kg,8,kg,False,True,False,4
2022-01-01,2022,1,20220101,2022,A,2022,52,M,Import,428,LVA,Latvia,0,W00,World,7108,"Gold (including gold plated with platinum) unwrought or in semi-manufactured forms, or in powder form",54594965.035,,54594965.035,998.449,0.0,996.897,0.0,8,kg,-1,,False,True,False,4
2022-01-01,2022,1,20220101,2022,A,2022,52,M,Import,440,LTU,Lithuania,0,W00,World,7108,"Gold (including gold plated with platinum) unwrought or in semi-manufactured forms, or in powder form",41246259.0,,41246259.0,731.491,0.0,730.274,0.0,8,kg,-1,,False,True,False,4
2022-01-01,2022,1,20220101,2022,A,2022,52,M,Import,442,LUX,Luxembourg,0,W00,World,7108,"Gold (including gold plated with platinum) unwrought or in semi-manufactured forms, or in powder form",97672024.436,96874362.557,97672024.436,1733.793,1733792.508,2918.886,0.0,8,kg,15,g,False,True,False,4
2022-01-01,2022,1,20220101,2022,A,2022,52,M,Import,446,MAC,"China, Macao SAR",0,W00,World,7108,"Gold (including gold plated with platinum) unwrought or in semi-manufactured forms, or in powder form",25028194.615,,25028194.615,429.179,0.0,429.179,0.0,8,kg,-1,,False,True,False,4
2022-01-01,2022,1,20220101,2022,A,2022,52,M,Import,458,MYS,Malaysia,0,W00,World,7108,"Gold (including gold plated with platinum) unwrought or in semi-manufactured forms, or in powder form",3869374541.824,,3869374541.824,67003.406,67003.406,67003.406,0.0,8,kg,8,kg,False,True,False,4
2022-01-01,2022,1,20220101,2022,A,2022,52,M,Import,462,MDV,Maldives,0,W00,World,7108,"Gold (including gold plated with platinum) unwrought or in semi-manufactured forms, or in powder form",338450.251,,338450.251,5.6,5600.28,5.6,0.0,8,kg,15,g,False,True,False,4
2022-01-01,2022,1,20220101,2022,A,2022,52,M,Import,466,MLI,Mali,0,W00,World,7108,"Gold (including gold plated with platinum) unwrought or in semi-manufactured forms, or in powder form",189561159.589,,189561159.589,9510.55,9510.55,9510.55,0.0,8,kg,8,kg,False,True,False,4
2022-01-01,2022,1,20220101,2022,A,2022,52,M,Import,470,MLT,Malta,0,W00,World,7108,"Gold (including gold plated with platinum) unwrought or in semi-manufactured forms, or in powder form",4205045.373,,4205045.373,431.133,431133.0,,0.0,8,kg,15,g,False,True,False,4
2022-01-01,2022,1,20220101,2022,A,2022,52,M,Import,478,MRT,Mauritania,0,W00,World,7108,"Gold (including gold plated with platinum) unwrought or in semi-manufactured forms, or in powder form",31292.287,,31292.287,0.0,0.0,,0.0,-1,,-1,,False,True,False,4
2022-01-01,2022,1,20220101,2022,A,2022,52,M,Import,480,MUS,Mauritius,0,W00,World,7108,"Gold (including gold plated with platinum) unwrought or in semi-manufactured forms, or in powder form",30146029.359,29696227.986,30146029.359,588.0,588.0,629.0,0.0,8,kg,8,kg,False,True,False,4
2022-01-01,2022,1,20220101,2022,A,2022,52,M,Import,484,MEX,Mexico,0,W00,World,7108,"Gold (including gold plated with platinum) unwrought or in semi-manufactured forms, or in powder form",,119389979.0,119389979.0,0.0,0.0,0.0,0.0,-1,,-1,,False,True,False,4
2022-01-01,2022,1,20220101,2022,A,2022,52,M,Import,490,S19,"Other Asia, nes",0,W00,World,7108,"Gold (including gold plated with platinum) unwrought or in semi-manufactured forms, or in powder form",1984605392.67,,1984605392.67,34450.828,0.0,34450.828,0.0,8,kg,-1,,False,True,False,4
2022-01-01,2022,1,20220101,2022,A,2022,52,M,Import,496,MNG,Mongolia,0,W00,World,7108,"Gold (including gold plated with platinum) unwrought or in semi-manufactured forms, or in powder form",9846.471,,9846.471,0.448,0.448,0.448,0.0,8,kg,8,kg,False,True,False,4
2022-01-01,2022,1,20220101,2022,A,2022,52,M,Import,498,MDA,Rep. of Moldova,0,W00,World,7108,"Gold (including gold plated with platinum) unwrought or in semi-manufactured forms, or in powder form",405486.0,,405486.0,7.679,7679.0,7.679,0.0,8,kg,15,g,False,True,False,4
2022-01-01,2022,1,20220101,2022,A,2022,52,M,Import,499,MNE,Montenegro,0,W00,World,7108,"Gold (including gold plated with platinum) unwrought or in semi-manufactured forms, or in powder form",70692.167,,70692.167,1.31,1310.0,1.75,0.0,8,kg,15,g,False,True,False,4
2022-01-01,2022,1,20220101,2022,A,2022,52,M,Import,504,MAR,Morocco,0,W00,World,7108,"Gold (including gold plated with platinum) unwrought or in semi-manufactured forms, or in powder form",26390737.458,,26390737.458,462.173,462173.0,462.151,0.0,8,kg,15,g,False,True,False,4
2022-01-01,2022,1,20220101,2022,A,2022,52,M,Import,508,MOZ,Mozambique,0,W00,World,7108,"Gold (including gold plated with platinum) unwrought or in semi-manufactured forms, or in powder form",96.687,76.972,96.687,0.012,12.0,,0.0,8,kg,15,g,False,True,False,4
2022-01-01,2022,1,20220101,2022,A,2022,52,M,Import,512,OMN,Oman,0,W00,World,7108,"Gold (including gold plated with platinum) unwrought or in semi-manufactured forms, or in powder form",725698113.299,,725698113.299,12891.596,0.0,12891.596,0.0,8,kg,-1,,False,True,False,4
2022-01-01,2022,1,20220101,2022,A,2022,52,M,Import,516,NAM,Namibia,0,W00,World,7108,"Gold (including gold plated with platinum) unwrought or in semi-manufactured forms, or in powder form",10701.015,,10701.015,0.0,0.0,,0.0,-1,,-1,,False,True,False,4
2022-01-01,2022,1,20220101,2022,A,2022,52,M,Import,524,NPL,Nepal,0,W00,World,7108,"Gold (including gold plated with platinum) unwrought or in semi-manufactured forms, or in powder form",396962411.648,,396962411.648,4156.964,4156964.0,4156.964,0.0,8,kg,15,g,False,True,False,4
2022-01-01,2022,1,20220101,2022,A,2022,52,M,Import,528,NLD,Netherlands,0,W00,World,7108,"Gold (including gold plated with platinum) unwrought or in semi-manufactured forms, or in powder form",438018391.394,,438018391.394,7445.595,0.0,7274.639,0.0,8,kg,-1,,False,True,False,4
2022-01-01,2022,1,20220101,2022,A,2022,52,M,Import,533,ABW,Aruba,0,W00,World,7108,"Gold (including gold plated with platinum) unwrought or in semi-manufactured forms, or in powder form",1994.972,,1994.972,7.857,0.0,7.857,0.0,8,kg,-1,,False,True,False,4
2022-01-01,2022,1,20220101,2022,A,2022,52,M,Import,554,NZL,New Zealand,0,W00,World,7108,"Gold (including gold plated with platinum) unwrought or in semi-manufactured forms, or in powder form",100734576.276,100587101.983,100734576.276,0.0,0.0,,0.0,-1,,-1,,False,True,False,4
2022-01-01,2022,1,20220101,2022,A,2022,52,M,Import,558,NIC,Nicaragua,0,W00,World,7108,"Gold (including gold plated with platinum) unwrought or in semi-manufactured forms, or in powder form",1591317.86,,1591317.86,62.936,0.0,62.936,0.0,8,kg,-1,,False,True,False,4
2022-01-01,2022,1,20220101,2022,A,2022,52,M,Import,562,NER,Niger,0,W00,World,7108,"Gold (including gold plated with platinum) unwrought or in semi-manufactured forms, or in powder form",26122.899,,26122.899,6.0,6.0,6.0,0.0,8,kg,8,kg,False,True,False,4
2022-01-01,2022,1,20220101,2022,A,2022,52,M,Import,566,NGA,Nigeria,0,W00,World,7108,"Gold (including gold plated with platinum) unwrought or in semi-manufactured forms, or in powder form",204010.589,,204010.589,0.0,0.0,,0.0,-1,,-1,,False,True,False,4
2022-01-01,2022,1,20220101,2022,A,2022,52,M,Import,579,NOR,Norway,0,W00,World,7108,"Gold (including gold plated with platinum) unwrought or in semi-manufactured forms, or in powder form",3346600.624,,3346600.624,0.0,0.0,,0.0,-1,,-1,,False,True,False,4
2022-01-01,2022,1,20220101,2022,A,2022,52,M,Import,586,PAK,Pakistan,0,W00,World,7108,"Gold (including gold plated with platinum) unwrought or in semi-manufactured forms, or in powder form",27338489.215,,27338489.215,431.111,431111.0,431.111,0.0,8,kg,15,g,False,True,False,4
2022-01-01,2022,1,20220101,2022,A,2022,52,M,Import,591,PAN,Panama,0,W00,World,7108,"Gold (including gold plated with platinum) unwrought or in semi-manufactured forms, or in powder form",3001598.0,,3001598.0,1088.0,1088.0,1088.0,1088.0,8,kg,8,kg,False,True,False,4
2022-01-01,2022,1,20220101,2022,A,2022,52,M,Import,598,PNG,Papua New Guinea,0,W00,World,7108,"Gold (including gold plated with platinum) unwrought or in semi-manufactured forms, or in powder form",3427.541,,3427.541,0.0,0.0,,0.0,-1,,-1,,False,True,False,4
2022-01-01,2022,1,20220101,2022,A,2022,52,M,Import,604,PER,Peru,0,W00,World,7108,"Gold (including gold plated with platinum) unwrought or in semi-manufactured forms, or in powder form",60458.802,,60458.802,0.0,0.0,,0.0,-1,,-1,,False,True,False,4
2022-01-01,2022,1,20220101,2022,A,2022,52,M,Import,608,PHL,Philippines,0,W00,World,7108,"Gold (including gold plated with platinum) unwrought or in semi-manufactured forms, or in powder form",96364544.0,92780948.0,96364544.0,13148.674,0.0,13148.674,18094.88,8,kg,-1,,False,True,False,4
2022-01-01,2022,1,20220101,2022,A,2022,52,M,Import,616,POL,Poland,0,W00,World,7108,"Gold (including gold plated with platinum) unwrought or in semi-manufactured forms, or in powder form",646194617.0,,646194617.0,10866.246,0.0,10958.698,0.0,8,kg,-1,,False,True,False,4
2022-01-01,2022,1,20220101,2022,A,2022,52,M,Import,620,PRT,Portugal,0,W00,World,7108,"Gold (including gold plated with platinum) unwrought or in semi-manufactured forms, or in powder form",78216550.791,,78216550.791,0.0,0.0,,0.0,-1,,-1,,False,True,False,4
2022-01-01,2022,1,20220101,2022,A,2022,52,M,Import,626,TLS,Timor-Leste,0,W00,World,7108,"Gold (including gold plated with platinum) unwrought or in semi-manufactured forms, or in powder form",113.06,,113.06,0.0,0.0,,0.0,-1,,-1,,False,True,False,4
2022-01-01,2022,1,20220101,2022,A,2022,52,M,Import,634,QAT,Qatar,0,W00,World,7108,"Gold (including gold plated with platinum) unwrought or in semi-manufactured forms, or in powder form",402170659.413,,402170659.413,0.0,0.0,,0.0,-1,,-1,,False,True,False,4
2022-01-01,2022,1,20220101,2022,A,2022,52,M,Import,646,RWA,Rwanda,0,W00,World,7108,"Gold (including gold plated with platinum) unwrought or in semi-manufactured forms, or in powder form",509974825.03,0.0,509974825.03,0.0,0.0,0.0,0.0,-1,,-1,,False,True,False,4
2022-01-01,2022,1,20220101,2022,A,2022,52,M,Import,678,STP,Sao Tome and Principe,0,W00,World,7108,"Gold (including gold plated with platinum) unwrought or in semi-manufactured forms, or in powder form",1637.041,1337.702,1637.041,0.0,0.0,0.0,0.0,-1,,-1,,False,True,False,4
2022-01-01,2022,1,20220101,2022,A,2022,52,M,Import,682,SAU,Saudi Arabia,0,W00,World,7108,"Gold (including gold plated with platinum) unwrought or in semi-manufactured forms, or in powder form",5625991171.617,,5625991171.617,0.0,0.0,,0.0,-1,,-1,,False,True,False,4
2022-01-01,2022,1,20220101,2022,A,2022,52,M,Import,686,SEN,Senegal,0,W00,World,7108,"Gold (including gold plated with platinum) unwrought or in semi-manufactured forms, or in powder form",204104.6,,204104.6,110.0,110.0,110.0,0.0,8,kg,8,kg,False,True,False,4
2022-01-01,2022,1,20220101,2022,A,2022,52,M,Import,688,SRB,Serbia,0,W00,World,7108,"Gold (including gold plated with platinum) unwrought or in semi-manufactured forms, or in powder form",128799701.0,122847176.0,128799701.0,2151.69,2151690.0,2155.96,0.0,8,kg,15,g,False,True,False,4
2022-01-01,2022,1,20220101,2022,A,2022,52,M,Import,690,SYC,Seychelles,0,W00,World,7108,"Gold (including gold plated with platinum) unwrought or in semi-manufactured forms, or in powder form",66519.361,,66519.361,0.0,0.0,,0.0,-1,,-1,,False,True,False,4
2022-01-01,2022,1,20220101,2022,A,2022,52,M,Import,699,IND,India,0,W00,World,7108,"Gold (including gold plated with platinum) unwrought or in semi-manufactured forms, or in powder form",36574558371.284,,36574558371.284,713387.901,0.0,713387.901,0.0,8,kg,-1,,False,True,False,4
2022-01-01,2022,1,20220101,2022,A,2022,52,M,Import,702,SGP,Singapore,0,W00,World,7108,"Gold (including gold plated with platinum) unwrought or in semi-manufactured forms, or in powder form",17718787569.89,,17718787569.89,0.0,0.0,,0.0,-1,,-1,,False,True,False,4
2022-01-01,2022,1,20220101,2022,A,2022,52,M,Import,703,SVK,Slovakia,0,W00,World,7108,"Gold (including gold plated with platinum) unwrought or in semi-manufactured forms, or in powder form",100436387.513,99945160.335,100436387.513,2918.386,0.0,,0.0,8,kg,-1,,False,True,False,4
2022-01-01,2022,1,20220101,2022,A,2022,52,M,Import,704,VNM,Viet Nam,0,W00,World,7108,"Gold (including gold plated with platinum) unwrought or in semi-manufactured forms, or in powder form",264993065.296,,264993065.296,4761.905,0.0,4761.905,0.0,8,kg,-1,,False,True,False,4
2022-01-01,2022,1,20220101,2022,A,2022,52,M,Import,705,SVN,Slovenia,0,W00,World,7108,"Gold (including gold plated with platinum) unwrought or in semi-manufactured forms, or in powder form",331610618.411,,331610618.411,5640.395,0.0,5635.442,0.0,8,kg,-1,,False,True,False,4
2022-01-01,2022,1,20220101,2022,A,2022,52,M,Import,710,ZAF,South Africa,0,W00,World,7108,"Gold (including gold plated with platinum) unwrought or in semi-manufactured forms, or in powder form",,466863426.188,466863426.188,11488.26,11488.26,11488.26,0.0,8,kg,8,kg,False,True,False,4
2022-01-01,2022,1,20220101,2022,A,2022,52,M,Import,716,ZWE,Zimbabwe,0,W00,World,7108,"Gold (including gold plated with platinum) unwrought or in semi-manufactured forms, or in powder form",9496.1,,9496.1,0.01,10.0,2.0,0.0,8,kg,15,g,False,True,False,4
2022-01-01,2022,1,20220101,2022,A,2022,52,M,Import,724,ESP,Spain,0,W00,World,7108,"Gold (including gold plated with platinum) unwrought or in semi-manufactured forms, or in powder form",837528903.773,,837528903.773,0.0,0.0,,0.0,-1,,-1,,False,True,False,4
2022-01-01,2022,1,20220101,2022,A,2022,52,M,Import,748,SWZ,Eswatini,0,W00,World,7108,"Gold (including gold plated with platinum) unwrought or in semi-manufactured forms, or in powder form",192.1,,192.1,0.0,0.0,,0.0,-1,,-1,,False,True,False,4
2022-01-01,2022,1,20220101,2022,A,2022,52,M,Import,752,SWE,Sweden,0,W00,World,7108,"Gold (including gold plated with platinum) unwrought or in semi-manufactured forms, or in powder form",82088031.131,,82088031.131,0.0,0.0,,0.0,-1,,-1,,False,True,False,4
2022-01-01,2022,1,20220101,2022,A,2022,52,M,Import,757,CHE,Switzerland,0,W00,World,7108,"Gold (including gold plated with platinum) unwrought or in semi-manufactured forms, or in powder form",98951884026.525,,98951884026.525,2409875.043,0.0,2409875.043,0.0,8,kg,-1,,False,True,False,4
2022-01-01,2022,1,20220101,2022,A,2022,52,M,Import,762,TJK,Tajikistan,0,W00,World,7108,"Gold (including gold plated with platinum) unwrought or in semi-manufactured forms, or in powder form",43062.0,,43062.0,0.436,436.0,0.436,0.0,8,kg,15,g,False,True,False,4
2022-01-01,2022,1,20220101,2022,A,2022,52,M,Import,764,THA,Thailand,0,W00,World,7108,"Gold (including gold plated with platinum) unwrought or in semi-manufactured forms, or in powder form",11222861790.458,,11222861790.458,0.0,0.0,,0.0,-1,,-1,,False,True,False,4
2022-01-01,2022,1,20220101,2022,A,2022,52,M,Import,768,TGO,Togo,0,W00,World,7108,"Gold (including gold plated with platinum) unwrought or in semi-manufactured forms, or in powder form",4521903.317,4497536.328,4521903.317,0.0,0.0,,0.0,-1,,-1,,False,True,False,4
2022-01-01,2022,1,20220101,2022,A,2022,52,M,Import,776,TON,Tonga,0,W00,World,7108,"Gold (including gold plated with platinum) unwrought or in semi-manufactured forms, or in powder form",3782.068,,3782.068,0.073,0.0,0.073,0.0,8,kg,-1,,False,True,False,4
2022-01-01,2022,1,20220101,2022,A,2022,52,M,Import,780,TTO,Trinidad and Tobago,0,W00,World,7108,"Gold (including gold plated with platinum) unwrought or in semi-manufactured forms, or in powder form",693228.701,,693228.701,80.822,0.0,80.822,0.0,8,kg,-1,,False,True,False,4
2022-01-01,2022,1,20220101,2022,A,2022,52,M,Import,784,ARE,United Arab Emirates,0,W00,World,7108,"Gold (including gold plated with platinum) unwrought or in semi-manufactured forms, or in powder form",59497629608.748,,59497629608.748,1059645.36,0.0,1059645.36,0.0,8,kg,-1,,False,True,False,4
2022-01-01,2022,1,20220101,2022,A,2022,52,M,Import,788,TUN,Tunisia,0,W00,World,7108,"Gold (including gold plated with platinum) unwrought or in semi-manufactured forms, or in powder form",28435068.508,,28435068.508,499.833,430902.0,510.0,0.0,8,kg,15,g,False,True,False,4
2022-01-01,2022,1,20220101,2022,A,2022,52,M,Import,792,TUR,Türkiye,0,W00,World,7108,"Gold (including gold plated with platinum) unwrought or in semi-manufactured forms, or in powder form",20440349004.0,20245598348.0,20440349004.0,379170.992,379170992.0,379282.0,0.0,8,kg,15,g,False,True,False,4
2022-01-01,2022,1,20220101,2022,A,2022,52,M,Import,800,UGA,Uganda,0,W00,World,7108,"Gold (including gold plated with platinum) unwrought or in semi-manufactured forms, or in powder form",201380159.02,,201380159.02,3911.386,3911386.04,3908.32,0.0,8,kg,15,g,False,True,False,4
2022-01-01,2022,1,20220101,2022,A,2022,52,M,Import,804,UKR,Ukraine,0,W00,World,7108,"Gold (including gold plated with platinum) unwrought or in semi-manufactured forms, or in powder form",30467687.75,,30467687.75,534.875,534874.84,540.687,0.0,8,kg,15,g,False,True,False,4
2022-01-01,2022,1,20220101,2022,A,2022,52,M,Import,807,MKD,North Macedonia,0,W00,World,7108,"Gold (including gold plated with platinum) unwrought or in semi-manufactured forms, or in powder form",6423177.45,,6423177.45,108.879,0.0,122.0,0.0,8,kg,-1,,False,True,False,4
2022-01-01,2022,1,20220101,2022,A,2022,52,M,Import,818,EGY,Egypt,0,W00,World,7108,"Gold (including gold plated with platinum) unwrought or in semi-manufactured forms, or in powder form",316997543.656,,316997543.656,5627.745,0.0,5627.745,0.0,8,kg,-1,,False,True,False,4
2022-01-01,2022,1,20220101,2022,A,2022,52,M,Import,826,GBR,United Kingdom,0,W00,World,7108,"Gold (including gold plated with platinum) unwrought or in semi-manufactured forms, or in powder form",41833948553.731,,41833948553.731,737466.868,0.0,737332.367,0.0,8,kg,-1,,False,True,False,4
2022-01-01,2022,1,20220101,2022,A,2022,52,M,Import,842,USA,USA,0,W00,World,7108,"Gold (including gold plated with platinum) unwrought or in semi-manufactured forms, or in powder form",9612185690.0,9606606855.0,9612185690.0,175209.402,0.0,175209.382,0.0,8,kg,-1,,False,True,False,4
2022-01-01,2022,1,20220101,2022,A,2022,52,M,Import,858,URY,Uruguay,0,W00,World,7108,"Gold (including gold plated with platinum) unwrought or in semi-manufactured forms, or in powder form",843.95,712.25,843.95,0.0,0.0,,0.0,-1,,-1,,False,True,False,4
2022-01-01,2022,1,20220101,2022,A,2022,52,M,Import,860,UZB,Uzbekistan,0,W00,World,7108,"Gold (including gold plated with platinum) unwrought or in semi-manufactured forms, or in powder form",4974497.0,0.0,4974497.0,85.272,85272.22,85.272,0.0,8,kg,15,g,False,True,False,4
2022-01-01,2022,1,20220101,2022,A,2022,52,M,Import,882,WSM,Samoa,0,W00,World,7108,"Gold (including gold plated with platinum) unwrought or in semi-manufactured forms, or in powder form",4523.663,,4523.663,1.096,0.0,1.096,0.0,8,kg,-1,,False,True,False,4
2022-01-01,2022,1,20220101,2022,A,2022,52,M,Import,894,ZMB,Zambia,0,W00,World,7108,"Gold (including gold plated with platinum) unwrought or in semi-manufactured forms, or in powder form",124403.657,401.946,124403.657,19.002,19002.0,2.5,0.0,8,kg,15,g,False,True,False,4
2023-01-01,2023,1,20230101,2023,A,2023,52,M,Import,20,AND,Andorra,0,W00,World,7108,"Gold (including gold plated with platinum) unwrought or in semi-manufactured forms, or in powder form",12275180.845,,12275180.845,201.85,201.85,201.85,0.0,8,kg,8,kg,False,True,False,4
2023-01-01,2023,1,20230101,2023,A,2023,52,M,Import,24,AGO,Angola,0,W00,World,7108,"Gold (including gold plated with platinum) unwrought or in semi-manufactured forms, or in powder form",2818.814,2818.814,2818.814,15.0,15.0,15.0,0.0,8,kg,8,kg,False,True,False,4
2023-01-01,2023,1,20230101,2023,A,2023,52,M,Import,28,ATG,Antigua and Barbuda,0,W00,World,7108,"Gold (including gold plated with platinum) unwrought or in semi-manufactured forms, or in powder form",5320.122,,5320.122,0.0,0.0,,0.0,-1,,-1,,False,True,False,4
2023-01-01,2023,1,20230101,2023,A,2023,52,M,Import,31,AZE,Azerbaijan,0,W00,World,7108,"Gold (including gold plated with platinum) unwrought or in semi-manufactured forms, or in powder form",3438212.0,,3438212.0,81.041,81041.2,81.04,0.0,8,kg,15,g,False,True,False,4
2023-01-01,2023,1,20230101,2023,A,2023,52,M,Import,32,ARG,Argentina,0,W00,World,7108,"Gold (including gold plated with platinum) unwrought or in semi-manufactured forms, or in powder form",31603.63,29780.83,31603.63,30.83,30.83,30.83,0.0,8,kg,8,kg,False,True,False,4
2023-01-01,2023,1,20230101,2023,A,2023,52,M,Import,36,AUS,Australia,0,W00,World,7108,"Gold (including gold plated with platinum) unwrought or in semi-manufactured forms, or in powder form",5703937220.86,5689752154.238,5703937220.86,94057.284,0.0,,0.0,8,kg,-1,,False,True,False,4
2023-01-01,2023,1,20230101,2023,A,2023,52,M,Import,40,AUT,Austria,0,W00,World,7108,"Gold (including gold plated with platinum) unwrought or in semi-manufactured forms, or in powder form",3532639296.797,,3532639296.797,56683.553,0.0,56683.553,0.0,8,kg,-1,,False,True,False,4
2023-01-01,2023,1,20230101,2023,A,2023,52,M,Import,44,BHS,Bahamas,0,W00,World,7108,"Gold (including gold plated with platinum) unwrought or in semi-manufactured forms, or in powder form",49214.0,,49214.0,76.234,0.0,76.234,0.0,8,kg,-1,,False,True,False,4
2023-01-01,2023,1,20230101,2023,A,2023,52,M,Import,48,BHR,Bahrain,0,W00,World,7108,"Gold (including gold plated with platinum) unwrought or in semi-manufactured forms, or in powder form",589563373.5,,589563373.5,9717.664,0.0,9717.664,0.0,8,kg,-1,,False,True,False,4
2023-01-01,2023,1,20230101,2023,A,2023,52,M,Import,51,ARM,Armenia,0,W00,World,7108,"Gold (including gold plated with platinum) unwrought or in semi-manufactured forms, or in powder form",1796110880.92,,1796110880.92,44470.627,44470.627,467891.034,0.0,8,kg,8,kg,False,True,False,4
2023-01-01,2023,1,20230101,2023,A,2023,52,M,Import,52,BRB,Barbados,0,W00,World,7108,"Gold (including gold plated with platinum) unwrought or in semi-manufactured forms, or in powder form",3130.5,,3130.5,0.0,0.0,,0.0,-1,,-1,,False,True,False,4
2023-01-01,2023,1,20230101,2023,A,2023,52,M,Import,56,BEL,Belgium,0,W00,World,7108,"Gold (including gold plated with platinum) unwrought or in semi-manufactured forms, or in powder form",380935178.146,,380935178.146,0.0,0.0,,0.0,-1,,-1,,False,True,False,4
2023-01-01,2023,1,20230101,2023,A,2023,52,M,Import,60,BMU,Bermuda,0,W00,World,7108,"Gold (including gold plated with platinum) unwrought or in semi-manufactured forms, or in powder form",1233.64,,1233.64,1.052,0.0,1.052,0.0,8,kg,-1,,False,True,False,4
2023-01-01,2023,1,20230101,2023,A,2023,52,M,Import,64,BTN,Bhutan,0,W00,World,7108,"Gold (including gold plated with platinum) unwrought or in semi-manufactured forms, or in powder form",1113213.051,,1113213.051,15.369,15369.02,15.369,0.0,8,kg,15,g,False,True,False,4
2023-01-01,2023,1,20230101,2023,A,2023,52,M,Import,68,BOL,Bolivia (Plurinational State of),0,W00,World,7108,"Gold (including gold plated with platinum) unwrought or in semi-manufactured forms, or in powder form",424015.0,415314.0,424015.0,7.078,0.0,0.0,0.0,8,kg,-1,,False,True,False,4
2023-01-01,2023,1,20230101,2023,A,2023,52,M,Import,70,BIH,Bosnia Herzegovina,0,W00,World,7108,"Gold (including gold plated with platinum) unwrought or in semi-manufactured forms, or in powder form",518856.787,,518856.787,0.0,0.0,,0.0,-1,,-1,,False,True,False,4
2023-01-01,2023,1,20230101,2023,A,2023,52,M,Import,72,BWA,Botswana,0,W00,World,7108,"Gold (including gold plated with platinum) unwrought or in semi-manufactured forms, or in powder form",3707649.621,,3707649.621,0.0,0.0,,0.0,-1,,-1,,False,True,False,4
2023-01-01,2023,1,20230101,2023,A,2023,52,M,Import,76,BRA,Brazil,0,W00,World,7108,"Gold (including gold plated with platinum) unwrought or in semi-manufactured forms, or in powder form",4670611.0,4623427.0,4670611.0,0.0,0.0,,0.0,-1,,-1,,False,True,False,4
2023-01-01,2023,1,20230101,2023,A,2023,52,M,Import,96,BRN,Brunei Darussalam,0,W00,World,7108,"Gold (including gold plated with platinum) unwrought or in semi-manufactured forms, or in powder form",2548820.608,,2548820.608,0.0,0.0,,0.0,-1,,-1,,False,True,False,4
2023-01-01,2023,1,20230101,2023,A,2023,52,M,Import,100,BGR,Bulgaria,0,W00,World,7108,"Gold (including gold plated with platinum) unwrought or in semi-manufactured forms, or in powder form",25631263.717,,25631263.717,0.0,0.0,,0.0,-1,,-1,,False,True,False,4
2023-01-01,2023,1,20230101,2023,A,2023,52,M,Import,104,MMR,Myanmar,0,W00,World,7108,"Gold (including gold plated with platinum) unwrought or in semi-manufactured forms, or in powder form",0.75,,0.75,0.0,0.0,,0.0,-1,,-1,,False,True,False,4
2023-01-01,2023,1,20230101,2023,A,2023,52,M,Import,108,BDI,Burundi,0,W00,World,7108,"Gold (including gold plated with platinum) unwrought or in semi-manufactured forms, or in powder form",227.129,,227.129,0.004,0.0,0.004,0.0,8,kg,-1,,False,True,False,4
2023-01-01,2023,1,20230101,2023,A,2023,52,M,Import,116,KHM,Cambodia,0,W00,World,7108,"Gold (including gold plated with platinum) unwrought or in semi-manufactured forms, or in powder form",224059130.74,,224059130.74,3731.5,3731.5,3731.5,0.0,8,kg,8,kg,False,True,False,4
2023-01-01,2023,1,20230101,2023,A,2023,52,M,Import,120,CMR,Cameroon,0,W00,World,7108,"Gold (including gold plated with platinum) unwrought or in semi-manufactured forms, or in powder form",387.647,,387.647,0.0,0.0,,0.0,-1,,-1,,False,True,False,4
2023-01-01,2023,1,20230101,2023,A,2023,52,M,Import,124,CAN,Canada,0,W00,World,7108,"Gold (including gold plated with platinum) unwrought or in semi-manufactured forms, or in powder form",,9524345954.696,9524345954.696,275617.0,0.0,275617.0,0.0,8,kg,-1,,False,True,False,4
2023-01-01,2023,1,20230101,2023,A,2023,52,M,Import,136,CYM,Cayman Isds,0,W00,World,7108,"Gold (including gold plated with platinum) unwrought or in semi-manufactured forms, or in powder form",1743466.203,,1743466.203,29.415,0.0,29.415,0.0,8,kg,-1,,False,True,False,4
2023-01-01,2023,1,20230101,2023,A,2023,52,M,Import,144,LKA,Sri Lanka,0,W00,World,7108,"Gold (including gold plated with platinum) unwrought or in semi-manufactured forms, or in powder form",69212437.336,,69212437.336,3372.73,3372.73,3372.73,0.0,8,kg,8,kg,False,True,False,4
2023-01-01,2023,1,20230101,2023,A,2023,52,M,Import,152,CHL,Chile,0,W00,World,7108,"Gold (including gold plated with platinum) unwrought or in semi-manufactured forms, or in powder form",749116.0,732451.34,749116.0,23.903,0.0,23.903,0.0,8,kg,-1,,False,True,False,4
2023-01-01,2023,1,20230101,2023,A,2023,52,M,Import,156,CHN,China,0,W00,World,7108,"Gold (including gold plated with platinum) unwrought or in semi-manufactured forms, or in powder form",91915683973.0,,91915683973.0,1477150.913,1477150913.0,1477150.913,0.0,8,kg,15,g,False,True,False,4
2023-01-01,2023,1,20230101,2023,A,2023,52,M,Import,170,COL,Colombia,0,W00,World,7108,"Gold (including gold plated with platinum) unwrought or in semi-manufactured forms, or in powder form",45814.88,44347.43,45814.88,0.0,0.0,,0.0,-1,,-1,,False,True,False,4
2023-01-01,2023,1,20230101,2023,A,2023,52,M,Import,188,CRI,Costa Rica,0,W00,World,7108,"Gold (including gold plated with platinum) unwrought or in semi-manufactured forms, or in powder form",3126092.88,,3126092.88,347.94,0.0,347.94,0.0,8,kg,-1,,False,True,False,4
2023-01-01,2023,1,20230101,2023,A,2023,52,M,Import,191,HRV,Croatia,0,W00,World,7108,"Gold (including gold plated with platinum) unwrought or in semi-manufactured forms, or in powder form",138942582.0,,138942582.0,2310.79,2310789.74,,0.0,8,kg,15,g,False,True,False,4
2023-01-01,2023,1,20230101,2023,A,2023,52,M,Import,196,CYP,Cyprus,0,W00,World,7108,"Gold (including gold plated with platinum) unwrought or in semi-manufactured forms, or in powder form",14626926.133,,14626926.133,220.913,220913.0,409.0,0.0,8,kg,15,g,False,True,False,4
2023-01-01,2023,1,20230101,2023,A,2023,52,M,Import,203,CZE,Czechia,0,W00,World,7108,"Gold (including gold plated with platinum) unwrought or in semi-manufactured forms, or in powder form",243246349.0,240105152.0,243246349.0,0.0,0.0,,0.0,-1,,-1,,False,True,False,4
2023-01-01,2023,1,20230101,2023,A,2023,52,M,Import,204,BEN,Benin,0,W00,World,7108,"Gold (including gold plated with platinum) unwrought or in semi-manufactured forms, or in powder form",5895560.928,,5895560.928,0.0,0.0,,0.0,-1,,-1,,False,True,False,4
2023-01-01,2023,1,20230101,2023,A,2023,52,M,Import,208,DNK,Denmark,0,W00,World,7108,"Gold (including gold plated with platinum) unwrought or in semi-manufactured forms, or in powder form",27975360.656,,27975360.656,948.076,0.0,,0.0,8,kg,-1,,False,True,False,4
2023-01-01,2023,1,20230101,2023,A,2023,52,M,Import,212,DMA,Dominica,0,W00,World,7108,"Gold (including gold plated with platinum) unwrought or in semi-manufactured forms, or in powder form",102.963,,102.963,0.0,0.0,,0.0,-1,,-1,,False,True,False,4
2023-01-01,2023,1,20230101,2023,A,2023,52,M,Import,214,DOM,Dominican Rep.,0,W00,World,7108,"Gold (including gold plated with platinum) unwrought or in semi-manufactured forms, or in powder form",295674888.33,,295674888.33,11144.801,11144.801,11144.801,0.0,8,kg,8,kg,False,True,False,4
2023-01-01,2023,1,20230101,2023,A,2023,52,M,Import,218,ECU,Ecuador,0,W00,World,7108,"Gold (including gold plated with platinum) unwrought or in semi-manufactured forms, or in powder form",142244.3,,142244.3,1.909,0.0,1.909,0.0,8,kg,-1,,False,True,False,4
2023-01-01,2023,1,20230101,2023,A,2023,52,M,Import,222,SLV,El Salvador,0,W00,World,7108,"Gold (including gold plated with platinum) unwrought or in semi-manufactured forms, or in powder form",606235.62,,606235.62,0.0,0.0,,0.0,-1,,-1,,False,True,False,4
2023-01-01,2023,1,20230101,2023,A,2023,52,M,Import,233,EST,Estonia,0,W00,World,7108,"Gold (including gold plated with platinum) unwrought or in semi-manufactured forms, or in powder form",103763557.7,,103763557.7,1664.648,1664648.345,1664.587,0.0,8,kg,15,g,False,True,False,4
2023-01-01,2023,1,20230101,2023,A,2023,52,M,Import,246,FIN,Finland,0,W00,World,7108,"Gold (including gold plated with platinum) unwrought or in semi-manufactured forms, or in powder form",35242060.611,,35242060.611,652.709,0.0,,0.0,8,kg,-1,,False,True,False,4
2023-01-01,2023,1,20230101,2023,A,2023,52,M,Import,251,FRA,France,0,W00,World,7108,"Gold (including gold plated with platinum) unwrought or in semi-manufactured forms, or in powder form",2367583851.855,,2367583851.855,0.0,0.0,,0.0,-1,,-1,,False,True,False,4
2023-01-01,2023,1,20230101,2023,A,2023,52,M,Import,258,PYF,French Polynesia,0,W00,World,7108,"Gold (including gold plated with platinum) unwrought or in semi-manufactured forms, or in powder form",124210.902,,124210.902,187.469,187.469,187.469,0.0,8,kg,8,kg,False,True,False,4
2023-01-01,2023,1,20230101,2023,A,2023,52,M,Import,268,GEO,Georgia,0,W00,World,7108,"Gold (including gold plated with platinum) unwrought or in semi-manufactured forms, or in powder form",91174.31,,91174.31,2.429,2.429,2.43,0.0,8,kg,8,kg,False,True,False,4
2023-01-01,2023,1,20230101,2023,A,2023,52,M,Import,275,PSE,State of Palestine,0,W00,World,7108,"Gold (including gold plated with platinum) unwrought or in semi-manufactured forms, or in powder form",4958.869,,4958.869,0.083,0.0,0.083,0.0,8,kg,-1,,False,True,False,4
2023-01-01,2023,1,20230101,2023,A,2023,52,M,Import,276,DEU,Germany,0,W00,World,7108,"Gold (including gold plated with platinum) unwrought or in semi-manufactured forms, or in powder form",5180472451.285,,5180472451.285,88523.376,0.0,88520.57,0.0,8,kg,-1,,False,True,False,4
2023-01-01,2023,1,20230101,2023,A,2023,52,M,Import,288,GHA,Ghana,0,W00,World,7108,"Gold (including gold plated with platinum) unwrought or in semi-manufactured forms, or in powder form",1652514.911,,1652514.911,1027.978,0.0,,0.0,8,kg,-1,,False,True,False,4
2023-01-01,2023,1,20230101,2023,A,2023,52,M,Import,300,GRC,Greece,0,W00,World,7108,"Gold (including gold plated with platinum) unwrought or in semi-manufactured forms, or in powder form",19895762.14,,19895762.14,420.175,0.0,635.002,0.0,8,kg,-1,,False,True,False,4
2023-01-01,2023,1,20230101,2023,A,2023,52,M,Import,308,GRD,Grenada,0,W00,World,7108,"Gold (including gold plated with platinum) unwrought or in semi-manufactured forms, or in powder form",606.667,,606.667,0.0,0.0,,0.0,-1,,-1,,False,True,False,4
2023-01-01,2023,1,20230101,2023,A,2023,52,M,Import,320,GTM,Guatemala,0,W00,World,7108,"Gold (including gold plated with platinum) unwrought or in semi-manufactured forms, or in powder form",1928916.0,,1928916.0,119.716,0.0,119.716,0.0,8,kg,-1,,False,True,False,4
2023-01-01,2023,1,20230101,2023,A,2023,52,M,Import,340,HND,Honduras,0,W00,World,7108,"Gold (including gold plated with platinum) unwrought or in semi-manufactured forms, or in powder form",151973.61,,151973.61,0.0,0.0,,0.0,-1,,-1,,False,True,False,4
2023-01-01,2023,1,20230101,2023,A,2023,52,M,Import,344,HKG,"China, Hong Kong SAR",0,W00,World,7108,"Gold (including gold plated with platinum) unwrought or in semi-manufactured forms, or in powder form",59845048716.286,,59845048716.286,974069.0,974069.0,974069.0,0.0,8,kg,8,kg,False,True,False,4
2023-01-01,2023,1,20230101,2023,A,2023,52,M,Import,348,HUN,Hungary,0,W00,World,7108,"Gold (including gold plated with platinum) unwrought or in semi-manufactured forms, or in powder form",94408987.0,,94408987.0,0.0,0.0,0.0,0.0,-1,,-1,,False,True,False,4
2023-01-01,2023,1,20230101,2023,A,2023,52,M,Import,352,ISL,Iceland,0,W00,World,7108,"Gold (including gold plated with platinum) unwrought or in semi-manufactured forms, or in powder form",837966.995,819957.356,837966.995,0.0,0.0,,0.0,-1,,-1,,False,True,False,4
2023-01-01,2023,1,20230101,2023,A,2023,52,M,Import,360,IDN,Indonesia,0,W00,World,7108,"Gold (including gold plated with platinum) unwrought or in semi-manufactured forms, or in powder form",2600542010.0,,2600542010.0,0.0,0.0,,0.0,-1,,-1,,False,True,False,4
2023-01-01,2023,1,20230101,2023,A,2023,52,M,Import,372,IRL,Ireland,0,W00,World,7108,"Gold (including gold plated with platinum) unwrought or in semi-manufactured forms, or in powder form",19667783.139,,19667783.139,0.0,0.0,,0.0,-1,,-1,,False,True,False,4
2023-01-01,2023,1,20230101,2023,A,2023,52,M,Import,376,ISR,Israel,0,W00,World,7108,"Gold (including gold plated with platinum) unwrought or in semi-manufactured forms, or in powder form",75443000.0,,75443000.0,1241.23,0.0,1241.23,0.0,8,kg,-1,,False,True,False,4
2023-01-01,2023,1,20230101,2023,A,2023,52,M,Import,380,ITA,Italy,0,W00,World,7108,"Gold (including gold plated with platinum) unwrought or in semi-manufactured forms, or in powder form",6691057576.073,,6691057576.073,175849.198,0.0,176403.414,0.0,8,kg,-1,,False,True,False,4
2023-01-01,2023,1,20230101,2023,A,2023,52,M,Import,384,CIV,Côte d'Ivoire,0,W00,World,7108,"Gold (including gold plated with platinum) unwrought or in semi-manufactured forms, or in powder form",666.648,,666.648,1.089,0.0,1.089,0.0,8,kg,-1,,False,True,False,4
2023-01-01,2023,1,20230101,2023,A,2023,52,M,Import,392,JPN,Japan,0,W00,World,7108,"Gold (including gold plated with platinum) unwrought or in semi-manufactured forms, or in powder form",274376173.231,,274376173.231,14067.285,0.0,14067.285,0.0,8,kg,-1,,False,True,False,4
2023-01-01,2023,1,20230101,2023,A,2023,52,M,Import,398,KAZ,Kazakhstan,0,W00,World,7108,"Gold (including gold plated with platinum) unwrought or in semi-manufactured forms, or in powder form",152734689.65,,152734689.65,5330.473,111165002623.4,5334.51,0.0,8,kg,15,g,False,True,False,4
2023-01-01,2023,1,20230101,2023,A,2023,52,M,Import,400,JOR,Jordan,0,W00,World,7108,"Gold (including gold plated with platinum) unwrought or in semi-manufactured forms, or in powder form",1373583302.64,,1373583302.64,22981.22,0.0,22981.22,0.0,8,kg,-1,,False,True,False,4
2023-01-01,2023,1,20230101,2023,A,2023,52,M,Import,410,KOR,Rep. of Korea,0,W00,World,7108,"Gold (including gold plated with platinum) unwrought or in semi-manufactured forms, or in powder form",983359175.0,,983359175.0,0.0,0.0,,0.0,-1,,-1,,False,True,False,4
2023-01-01,2023,1,20230101,2023,A,2023,52,M,Import,414,KWT,Kuwait,0,W00,World,7108,"Gold (including gold plated with platinum) unwrought or in semi-manufactured forms, or in powder form",902820501.111,,902820501.111,14380.324,14380.324,14380.324,0.0,8,kg,8,kg,False,True,False,4
2023-01-01,2023,1,20230101,2023,A,2023,52,M,Import,417,KGZ,Kyrgyzstan,0,W00,World,7108,"Gold (including gold plated with platinum) unwrought or in semi-manufactured forms, or in powder form",18181746.0,,18181746.0,301.066,301066.0,302.066,0.0,8,kg,15,g,False,True,False,4
2023-01-01,2023,1,20230101,2023,A,2023,52,M,Import,418,LAO,Lao People's Dem. Rep.,0,W00,World,7108,"Gold (including gold plated with platinum) unwrought or in semi-manufactured forms, or in powder form",69929165.69,,69929165.69,0.0,0.0,,0.0,-1,,-1,,False,True,False,4
2023-01-01,2023,1,20230101,2023,A,2023,52,M,Import,422,LBN,Lebanon,0,W00,World,7108,"Gold (including gold plated with platinum) unwrought or in semi-manufactured forms, or in powder form",2088643826.0,,2088643826.0,34426.564,0.0,34426.564,0.0,8,kg,-1,,False,True,False,4
2023-01-01,2023,1,20230101,2023,A,2023,52,M,Import,428,LVA,Latvia,0,W00,World,7108,"Gold (including gold plated with platinum) unwrought or in semi-manufactured forms, or in powder form",27160299.964,,27160299.964,431.094,0.0,431.602,0.0,8,kg,-1,,False,True,False,4
2023-01-01,2023,1,20230101,2023,A,2023,52,M,Import,440,LTU,Lithuania,0,W00,World,7108,"Gold (including gold plated with platinum) unwrought or in semi-manufactured forms, or in powder form",23602609.0,,23602609.0,402.378,402378.21,402.871,0.0,8,kg,15,g,False,True,False,4
2023-01-01,2023,1,20230101,2023,A,2023,52,M,Import,442,LUX,Luxembourg,0,W00,World,7108,"Gold (including gold plated with platinum) unwrought or in semi-manufactured forms, or in powder form",28771183.989,28681402.329,28771183.989,475.684,475684.113,951.328,0.0,8,kg,15,g,False,True,False,4
2023-01-01,2023,1,20230101,2023,A,2023,52,M,Import,446,MAC,"China, Macao SAR",0,W00,World,7108,"Gold (including gold plated with platinum) unwrought or in semi-manufactured forms, or in powder form",19457844.673,,19457844.673,0.0,0.0,0.0,0.0,-1,,-1,,False,True,False,4
2023-01-01,2023,1,20230101,2023,A,2023,52,M,Import,454,MWI,Malawi,0,W00,World,7108,"Gold (including gold plated with platinum) unwrought or in semi-manufactured forms, or in powder form",1691.51,,1691.51,10.0,10.0,10.0,0.0,8,kg,8,kg,False,True,False,4
2023-01-01,2023,1,20230101,2023,A,2023,52,M,Import,458,MYS,Malaysia,0,W00,World,7108,"Gold (including gold plated with platinum) unwrought or in semi-manufactured forms, or in powder form",2875517094.828,,2875517094.828,0.0,0.0,,0.0,-1,,-1,,False,True,False,4
2023-01-01,2023,1,20230101,2023,A,2023,52,M,Import,462,MDV,Maldives,0,W00,World,7108,"Gold (including gold plated with platinum) unwrought or in semi-manufactured forms, or in powder form",266679.154,,266679.154,0.0,0.0,,0.0,-1,,-1,,False,True,False,4
2023-01-01,2023,1,20230101,2023,A,2023,52,M,Import,466,MLI,Mali,0,W00,World,7108,"Gold (including gold plated with platinum) unwrought or in semi-manufactured forms, or in powder form",2337851.682,,2337851.682,57.82,57.82,57.82,0.0,8,kg,8,kg,False,True,False,4
2023-01-01,2023,1,20230101,2023,A,2023,52,M,Import,470,MLT,Malta,0,W00,World,7108,"Gold (including gold plated with platinum) unwrought or in semi-manufactured forms, or in powder form",3673575.536,,3673575.536,450.6,449601.0,,0.0,8,kg,15,g,False,True,False,4
2023-01-01,2023,1,20230101,2023,A,2023,52,M,Import,478,MRT,Mauritania,0,W00,World,7108,"Gold (including gold plated with platinum) unwrought or in semi-manufactured forms, or in powder form",9925.639,,9925.639,0.0,0.0,,0.0,-1,,-1,,False,True,False,4
2023-01-01,2023,1,20230101,2023,A,2023,52,M,Import,480,MUS,Mauritius,0,W00,World,7108,"Gold (including gold plated with platinum) unwrought or in semi-manufactured forms, or in powder form",35996579.065,35456301.704,35996579.065,663.0,663.0,148.0,0.0,8,kg,8,kg,False,True,False,4
2023-01-01,2023,1,20230101,2023,A,2023,52,M,Import,484,MEX,Mexico,0,W00,World,7108,"Gold (including gold plated with platinum) unwrought or in semi-manufactured forms, or in powder form",,139485279.0,139485279.0,0.0,0.0,,0.0,-1,,-1,,False,True,False,4
2023-01-01,2023,1,20230101,2023,A,2023,52,M,Import,490,S19,"Other Asia, nes",0,W00,World,7108,"Gold (including gold plated with platinum) unwrought or in semi-manufactured forms, or in powder form",1709828738.616,,1709828738.616,27448.735,0.0,27448.735,0.0,8,kg,-1,,False,True,False,4
2023-01-01,2023,1,20230101,2023,A,2023,52,M,Import,496,MNG,Mongolia,0,W00,World,7108,"Gold (including gold plated with platinum) unwrought or in semi-manufactured forms, or in powder form",976652.884,,976652.884,17.558,17.558,17.558,0.0,8,kg,8,kg,False,True,False,4
2023-01-01,2023,1,20230101,2023,A,2023,52,M,Import,498,MDA,Rep. of Moldova,0,W00,World,7108,"Gold (including gold plated with platinum) unwrought or in semi-manufactured forms, or in powder form",5006.0,,5006.0,0.273,273.0,0.273,0.0,8,kg,15,g,False,True,False,4
2023-01-01,2023,1,20230101,2023,A,2023,52,M,Import,499,MNE,Montenegro,0,W00,World,7108,"Gold (including gold plated with platinum) unwrought or in semi-manufactured forms, or in powder form",2758809.309,,2758809.309,0.0,0.0,,0.0,-1,,-1,,False,True,False,4
2023-01-01,2023,1,20230101,2023,A,2023,52,M,Import,504,MAR,Morocco,0,W00,World,7108,"Gold (including gold plated with platinum) unwrought or in semi-manufactured forms, or in powder form",59574030.509,,59574030.509,0.0,0.0,,0.0,-1,,-1,,False,True,False,4
2023-01-01,2023,1,20230101,2023,A,2023,52,M,Import,512,OMN,Oman,0,W00,World,7108,"Gold (including gold plated with platinum) unwrought or in semi-manufactured forms, or in powder form",738038953.331,,738038953.331,12178.049,0.0,12178.049,0.0,8,kg,-1,,False,True,False,4
2023-01-01,2023,1,20230101,2023,A,2023,52,M,Import,516,NAM,Namibia,0,W00,World,7108,"Gold (including gold plated with platinum) unwrought or in semi-manufactured forms, or in powder form",1727.577,1434.011,1727.577,0.0,0.0,,0.0,-1,,-1,,False,True,False,4
2023-01-01,2023,1,20230101,2023,A,2023,52,M,Import,528,NLD,Netherlands,0,W00,World,7108,"Gold (including gold plated with platinum) unwrought or in semi-manufactured forms, or in powder form",297324705.228,,297324705.228,0.0,0.0,,0.0,-1,,-1,,False,True,False,4
2023-01-01,2023,1,20230101,2023,A,2023,52,M,Import,533,ABW,Aruba,0,W00,World,7108,"Gold (including gold plated with platinum) unwrought or in semi-manufactured forms, or in powder form",36837.988,,36837.988,5.414,0.0,5.414,0.0,8,kg,-1,,False,True,False,4
2023-01-01,2023,1,20230101,2023,A,2023,52,M,Import,554,NZL,New Zealand,0,W00,World,7108,"Gold (including gold plated with platinum) unwrought or in semi-manufactured forms, or in powder form",44735456.705,44685096.032,44735456.705,693.787,693787.0,693.787,0.0,8,kg,15,g,False,True,False,4
2023-01-01,2023,1,20230101,2023,A,2023,52,M,Import,558,NIC,Nicaragua,0,W00,World,7108,"Gold (including gold plated with platinum) unwrought or in semi-manufactured forms, or in powder form",1123.59,,1123.59,0.0,0.0,,0.0,-1,,-1,,False,True,False,4
2023-01-01,2023,1,20230101,2023,A,2023,52,M,Import,562,NER,Niger,0,W00,World,7108,"Gold (including gold plated with platinum) unwrought or in semi-manufactured forms, or in powder form",29317.26,,29317.26,3.0,3.0,3.0,0.0,8,kg,8,kg,False,True,False,4
2023-01-01,2023,1,20230101,2023,A,2023,52,M,Import,566,NGA,Nigeria,0,W00,World,7108,"Gold (including gold plated with platinum) unwrought or in semi-manufactured forms, or in powder form",9045.299,,9045.299,55.8,55.8,55.8,0.0,8,kg,8,kg,False,True,False,4
2023-01-01,2023,1,20230101,2023,A,2023,52,M,Import,579,NOR,Norway,0,W00,World,7108,"Gold (including gold plated with platinum) unwrought or in semi-manufactured forms, or in powder form",4704701.944,,4704701.944,0.0,0.0,,0.0,-1,,-1,,False,True,False,4
2023-01-01,2023,1,20230101,2023,A,2023,52,M,Import,586,PAK,Pakistan,0,W00,World,7108,"Gold (including gold plated with platinum) unwrought or in semi-manufactured forms, or in powder form",29592307.659,,29592307.659,539.936,539936.0,539.936,0.0,8,kg,15,g,False,True,False,4
2023-01-01,2023,1,20230101,2023,A,2023,52,M,Import,591,PAN,Panama,0,W00,World,7108,"Gold (including gold plated with platinum) unwrought or in semi-manufactured forms, or in powder form",3931077.0,,3931077.0,670.0,670.0,670.0,670.0,8,kg,8,kg,False,True,False,4
2023-01-01,2023,1,20230101,2023,A,2023,52,M,Import,598,PNG,Papua New Guinea,0,W00,World,7108,"Gold (including gold plated with platinum) unwrought or in semi-manufactured forms, or in powder form",12196.602,,12196.602,3.0,0.0,3.0,0.0,8,kg,-1,,False,True,False,4
2023-01-01,2023,1,20230101,2023,A,2023,52,M,Import,604,PER,Peru,0,W00,World,7108,"Gold (including gold plated with platinum) unwrought or in semi-manufactured forms, or in powder form",68323.12,,68323.12,0.0,0.0,,0.0,-1,,-1,,False,True,False,4
2023-01-01,2023,1,20230101,2023,A,2023,52,M,Import,608,PHL,Philippines,0,W00,World,7108,"Gold (including gold plated with platinum) unwrought or in semi-manufactured forms, or in powder form",78309589.0,76097546.0,78309589.0,6223.413,0.0,6223.413,11240.51,8,kg,-1,,False,True,False,4
2023-01-01,2023,1,20230101,2023,A,2023,52,M,Import,616,POL,Poland,0,W00,World,7108,"Gold (including gold plated with platinum) unwrought or in semi-manufactured forms, or in powder form",329109690.0,,329109690.0,5368.651,0.0,5501.217,0.0,8,kg,-1,,False,True,False,4
2023-01-01,2023,1,20230101,2023,A,2023,52,M,Import,620,PRT,Portugal,0,W00,World,7108,"Gold (including gold plated with platinum) unwrought or in semi-manufactured forms, or in powder form",67051656.695,,67051656.695,1201.076,1201076.0,1206.083,0.0,8,kg,15,g,False,True,False,4
2023-01-01,2023,1,20230101,2023,A,2023,52,M,Import,626,TLS,Timor-Leste,0,W00,World,7108,"Gold (including gold plated with platinum) unwrought or in semi-manufactured forms, or in powder form",46.58,,46.58,0.0,0.0,,0.0,-1,,-1,,False,True,False,4
2023-01-01,2023,1,20230101,2023,A,2023,52,M,Import,634,QAT,Qatar,0,W00,World,7108,"Gold (including gold plated with platinum) unwrought or in semi-manufactured forms, or in powder form",351589563.081,,351589563.081,5811.691,0.0,5811.691,0.0,8,kg,-1,,False,True,False,4
2023-01-01,2023,1,20230101,2023,A,2023,52,M,Import,682,SAU,Saudi Arabia,0,W00,World,7108,"Gold (including gold plated with platinum) unwrought or in semi-manufactured forms, or in powder form",7310614894.301,,7310614894.301,118984.499,0.0,118984.499,0.0,8,kg,-1,,False,True,False,4
2023-01-01,2023,1,20230101,2023,A,2023,52,M,Import,686,SEN,Senegal,0,W00,World,7108,"Gold (including gold plated with platinum) unwrought or in semi-manufactured forms, or in powder form",2100517.636,,2100517.636,119.0,119.0,119.0,0.0,8,kg,8,kg,False,True,False,4
2023-01-01,2023,1,20230101,2023,A,2023,52,M,Import,688,SRB,Serbia,0,W00,World,7108,"Gold (including gold plated with platinum) unwrought or in semi-manufactured forms, or in powder form",58229367.0,56515882.0,58229367.0,913.73,913730.0,918.62,0.0,8,kg,15,g,False,True,False,4
2023-01-01,2023,1,20230101,2023,A,2023,52,M,Import,690,SYC,Seychelles,0,W00,World,7108,"Gold (including gold plated with platinum) unwrought or in semi-manufactured forms, or in powder form",3854.505,,3854.505,0.0,0.0,,0.0,-1,,-1,,False,True,False,4
2023-01-01,2023,1,20230101,2023,A,2023,52,M,Import,699,IND,India,0,W00,World,7108,"Gold (including gold plated with platinum) unwrought or in semi-manufactured forms, or in powder form",42644273706.892,,42644273706.892,743745.85,0.0,743745.85,0.0,8,kg,-1,,False,True,False,4
2023-01-01,2023,1,20230101,2023,A,2023,52,M,Import,702,SGP,Singapore,0,W00,World,7108,"Gold (including gold plated with platinum) unwrought or in semi-manufactured forms, or in powder form",12558643897.038,,12558643897.038,207444.993,0.0,207444.993,0.0,8,kg,-1,,False,True,False,4
2023-01-01,2023,1,20230101,2023,A,2023,52,M,Import,703,SVK,Slovakia,0,W00,World,7108,"Gold (including gold plated with platinum) unwrought or in semi-manufactured forms, or in powder form",63586448.11,63271369.678,63586448.11,1472.08,0.0,,0.0,8,kg,-1,,False,True,False,4
2023-01-01,2023,1,20230101,2023,A,2023,52,M,Import,704,VNM,Viet Nam,0,W00,World,7108,"Gold (including gold plated with platinum) unwrought or in semi-manufactured forms, or in powder form",270506403.485,,270506403.485,4426.527,0.0,4426.527,0.0,8,kg,-1,,False,True,False,4
2023-01-01,2023,1,20230101,2023,A,2023,52,M,Import,705,SVN,Slovenia,0,W00,World,7108,"Gold (including gold plated with platinum) unwrought or in semi-manufactured forms, or in powder form",148409328.199,,148409328.199,2405.417,2405417.438,2411.878,0.0,8,kg,15,g,False,True,False,4
2023-01-01,2023,1,20230101,2023,A,2023,52,M,Import,710,ZAF,South Africa,0,W00,World,7108,"Gold (including gold plated with platinum) unwrought or in semi-manufactured forms, or in powder form",,667579368.796,667579368.796,11475.51,11475.51,11475.51,0.0,8,kg,8,kg,False,True,False,4
2023-01-01,2023,1,20230101,2023,A,2023,52,M,Import,716,ZWE,Zimbabwe,0,W00,World,7108,"Gold (including gold plated with platinum) unwrought or in semi-manufactured forms, or in powder form",7519.14,,7519.14,0.03,30.0,6.0,0.0,8,kg,15,g,False,True,False,4
2023-01-01,2023,1,20230101,2023,A,2023,52,M,Import,724,ESP,Spain,0,W00,World,7108,"Gold (including gold plated with platinum) unwrought or in semi-manufactured forms, or in powder form",583025980.048,,583025980.048,0.0,0.0,,0.0,-1,,-1,,False,True,False,4
2023-01-01,2023,1,20230101,2023,A,2023,52,M,Import,748,SWZ,Eswatini,0,W00,World,7108,"Gold (including gold plated with platinum) unwrought or in semi-manufactured forms, or in powder form",4409.29,,4409.29,0.0,0.0,,0.0,-1,,-1,,False,True,False,4
2023-01-01,2023,1,20230101,2023,A,2023,52,M,Import,752,SWE,Sweden,0,W00,World,7108,"Gold (including gold plated with platinum) unwrought or in semi-manufactured forms, or in powder form",178024147.379,,178024147.379,0.0,0.0,,0.0,-1,,-1,,False,True,False,4
2023-01-01,2023,1,20230101,2023,A,2023,52,M,Import,757,CHE,Switzerland,0,W00,World,7108,"Gold (including gold plated with platinum) unwrought or in semi-manufactured forms, or in powder form",102247677326.706,,102247677326.706,2387468.035,0.0,2387468.035,0.0,8,kg,-1,,False,True,False,4
2023-01-01,2023,1,20230101,2023,A,2023,52,M,Import,764,THA,Thailand,0,W00,World,7108,"Gold (including gold plated with platinum) unwrought or in semi-manufactured forms, or in powder form",7918875084.944,,7918875084.944,0.0,0.0,,0.0,-1,,-1,,False,True,False,4
2023-01-01,2023,1,20230101,2023,A,2023,52,M,Import,768,TGO,Togo,0,W00,World,7108,"Gold (including gold plated with platinum) unwrought or in semi-manufactured forms, or in powder form",3521269.032,,3521269.032,0.0,0.0,,0.0,-1,,-1,,False,True,False,4
2023-01-01,2023,1,20230101,2023,A,2023,52,M,Import,780,TTO,Trinidad and Tobago,0,W00,World,7108,"Gold (including gold plated with platinum) unwrought or in semi-manufactured forms, or in powder form",685664.016,,685664.016,20.086,0.0,20.086,0.0,8,kg,-1,,False,True,False,4
2023-01-01,2023,1,20230101,2023,A,2023,52,M,Import,784,ARE,United Arab Emirates,0,W00,World,7108,"Gold (including gold plated with platinum) unwrought or in semi-manufactured forms, or in powder form",76752128851.262,,76752128851.262,1705064.579,0.0,1705064.579,0.0,8,kg,-1,,False,True,False,4
2023-01-01,2023,1,20230101,2023,A,2023,52,M,Import,788,TUN,Tunisia,0,W00,World,7108,"Gold (including gold plated with platinum) unwrought or in semi-manufactured forms, or in powder form",43440013.784,,43440013.784,712.0,712.0,712.0,0.0,8,kg,8,kg,False,True,False,4
2023-01-01,2023,1,20230101,2023,A,2023,52,M,Import,792,TUR,Türkiye,0,W00,World,7108,"Gold (including gold plated with platinum) unwrought or in semi-manufactured forms, or in powder form",30016830926.0,29914399459.5,30016830926.0,499083.95,499083950.0,,0.0,8,kg,15,g,False,True,False,4
2023-01-01,2023,1,20230101,2023,A,2023,52,M,Import,800,UGA,Uganda,0,W00,World,7108,"Gold (including gold plated with platinum) unwrought or in semi-manufactured forms, or in powder form",1899770346.2,,1899770346.2,41673.431,41673431.1,80625.32,0.0,8,kg,15,g,False,True,False,4
2023-01-01,2023,1,20230101,2023,A,2023,52,M,Import,804,UKR,Ukraine,0,W00,World,7108,"Gold (including gold plated with platinum) unwrought or in semi-manufactured forms, or in powder form",78244017.18,,78244017.18,1244.962,1244961.509,1246.104,0.0,8,kg,15,g,False,True,False,4
2023-01-01,2023,1,20230101,2023,A,2023,52,M,Import,807,MKD,North Macedonia,0,W00,World,7108,"Gold (including gold plated with platinum) unwrought or in semi-manufactured forms, or in powder form",3781724.244,,3781724.244,59.68,59680.0,59.044,0.0,8,kg,15,g,False,True,False,4
2023-01-01,2023,1,20230101,2023,A,2023,52,M,Import,818,EGY,Egypt,0,W00,World,7108,"Gold (including gold plated with platinum) unwrought or in semi-manufactured forms, or in powder form",139176839.144,,139176839.144,2265.197,0.0,2265.197,0.0,8,kg,-1,,False,True,False,4
2023-01-01,2023,1,20230101,2023,A,2023,52,M,Import,826,GBR,United Kingdom,0,W00,World,7108,"Gold (including gold plated with platinum) unwrought or in semi-manufactured forms, or in powder form",48024108167.988,,48024108167.988,770300.969,770300969.0,770090.454,0.0,8,kg,15,g,False,True,False,4
2023-01-01,2023,1,20230101,2023,A,2023,52,M,Import,834,TZA,United Rep. of Tanzania,0,W00,World,7108,"Gold (including gold plated with platinum) unwrought or in semi-manufactured forms, or in powder form",11522.39,10413.46,11522.39,1.134,1133.7,,0.0,8,kg,15,g,False,True,False,4
2023-01-01,2023,1,20230101,2023,A,2023,52,M,Import,842,USA,USA,0,W00,World,7108,"Gold (including gold plated with platinum) unwrought or in semi-manufactured forms, or in powder form",15104622087.0,15098414176.0,15104622087.0,250522.613,0.0,250522.603,0.0,8,kg,-1,,False,True,False,4
2023-01-01,2023,1,20230101,2023,A,2023,52,M,Import,854,BFA,Burkina Faso,0,W00,World,7108,"Gold (including gold plated with platinum) unwrought or in semi-manufactured forms, or in powder form",2515.558,,2515.558,0.0,0.0,,0.0,-1,,-1,,False,True,False,4
2023-01-01,2023,1,20230101,2023,A,2023,52,M,Import,858,URY,Uruguay,0,W00,World,7108,"Gold (including gold plated with platinum) unwrought or in semi-manufactured forms, or in powder form",4981.07,4674.24,4981.07,0.15,0.15,0.15,0.0,8,kg,8,kg,False,True,False,4
2023-01-01,2023,1,20230101,2023,A,2023,52,M,Import,860,UZB,Uzbekistan,0,W00,World,7108,"Gold (including gold plated with platinum) unwrought or in semi-manufactured forms, or in powder form",4208520.0,,4208520.0,77.299,77299.13,77.299,0.0,8,kg,15,g,False,True,False,4
2023-01-01,2023,1,20230101,2023,A,2023,52,M,Import,882,WSM,Samoa,0,W00,World,7108,"Gold (including gold plated with platinum) unwrought or in semi-manufactured forms, or in powder form",16039.319,,16039.319,1.942,0.0,1.942,0.0,8,kg,-1,,False,True,False,4
2023-01-01,2023,1,20230101,2023,A,2023,52,M,Import,894,ZMB,Zambia,0,W00,World,7108,"Gold (including gold plated with platinum) unwrought or in semi-manufactured forms, or in powder form",142591.929,,142591.929,0.0,0.0,,0.0,-1,,-1,,False,True,False,4
2024-01-01,2024,1,20240101,2024,A,2024,52,M,Import,8,ALB,Albania,0,W00,World,7108,"Gold (including gold plated with platinum) unwrought or in semi-manufactured forms, or in powder form",14014959.022,,14014959.022,180.5,180.5,180.5,0.0,8,kg,8,kg,False,True,False,4
2024-01-01,2024,1,20240101,2024,A,2024,52,M,Import,24,AGO,Angola,0,W00,World,7108,"Gold (including gold plated with platinum) unwrought or in semi-manufactured forms, or in powder form",4989.16,,4989.16,0.0,0.0,,0.0,-1,,-1,,False,True,False,4
2024-01-01,2024,1,20240101,2024,A,2024,52,M,Import,28,ATG,Antigua and Barbuda,0,W00,World,7108,"Gold (including gold plated with platinum) unwrought or in semi-manufactured forms, or in powder form",2362.122,,2362.122,1.37,18.0,1.37,0.0,8,kg,5,u,False,True,False,4
2024-01-01,2024,1,20240101,2024,A,2024,52,M,Import,31,AZE,Azerbaijan,0,W00,World,7108,"Gold (including gold plated with platinum) unwrought or in semi-manufactured forms, or in powder form",3312934649.2,,3312934649.2,41078.92,41078920.14,,0.0,8,kg,15,g,False,True,False,4
2024-01-01,2024,1,20240101,2024,A,2024,52,M,Import,32,ARG,Argentina,0,W00,World,7108,"Gold (including gold plated with platinum) unwrought or in semi-manufactured forms, or in powder form",24805.33,23971.04,24805.33,0.79,0.79,0.79,0.0,8,kg,8,kg,False,True,False,4
2024-01-01,2024,1,20240101,2024,A,2024,52,M,Import,36,AUS,Australia,0,W00,World,7108,"Gold (including gold plated with platinum) unwrought or in semi-manufactured forms, or in powder form",6531523921.579,6518541718.603,6531523921.579,98852.105,0.0,,0.0,8,kg,-1,,False,True,False,4
2024-01-01,2024,1,20240101,2024,A,2024,52,M,Import,40,AUT,Austria,0,W00,World,7108,"Gold (including gold plated with platinum) unwrought or in semi-manufactured forms, or in powder form",1683643866.263,,1683643866.263,0.0,0.0,,0.0,-1,,-1,,False,True,False,4
2024-01-01,2024,1,20240101,2024,A,2024,52,M,Import,44,BHS,Bahamas,0,W00,World,7108,"Gold (including gold plated with platinum) unwrought or in semi-manufactured forms, or in powder form",12687.0,,12687.0,1.098,0.0,1.098,0.0,8,kg,-1,,False,True,False,4
2024-01-01,2024,1,20240101,2024,A,2024,52,M,Import,48,BHR,Bahrain,0,W00,World,7108,"Gold (including gold plated with platinum) unwrought or in semi-manufactured forms, or in powder form",316299676.876,,316299676.876,4268.261,4268261.17,4443.545,0.0,8,kg,15,g,False,True,False,4
2024-01-01,2024,1,20240101,2024,A,2024,52,M,Import,51,ARM,Armenia,0,W00,World,7108,"Gold (including gold plated with platinum) unwrought or in semi-manufactured forms, or in powder form",5943259912.44,,5943259912.44,85175.006,85175.006,198601.356,0.0,8,kg,8,kg,False,True,False,4
2024-01-01,2024,1,20240101,2024,A,2024,52,M,Import,52,BRB,Barbados,0,W00,World,7108,"Gold (including gold plated with platinum) unwrought or in semi-manufactured forms, or in powder form",2626.0,,2626.0,0.0,0.0,,0.0,-1,,-1,,False,True,False,4
2024-01-01,2024,1,20240101,2024,A,2024,52,M,Import,56,BEL,Belgium,0,W00,World,7108,"Gold (including gold plated with platinum) unwrought or in semi-manufactured forms, or in powder form",593763292.301,,593763292.301,0.0,0.0,,0.0,-1,,-1,,False,True,False,4
2024-01-01,2024,1,20240101,2024,A,2024,52,M,Import,60,BMU,Bermuda,0,W00,World,7108,"Gold (including gold plated with platinum) unwrought or in semi-manufactured forms, or in powder form",7248.04,,7248.04,14.98,14.98,14.98,0.0,8,kg,8,kg,False,True,False,4
2024-01-01,2024,1,20240101,2024,A,2024,52,M,Import,68,BOL,Bolivia (Plurinational State of),0,W00,World,7108,"Gold (including gold plated with platinum) unwrought or in semi-manufactured forms, or in powder form",255851.0,250085.0,255851.0,3.908,0.0,,0.0,8,kg,-1,,False,True,False,4
2024-01-01,2024,1,20240101,2024,A,2024,52,M,Import,70,BIH,Bosnia Herzegovina,0,W00,World,7108,"Gold (including gold plated with platinum) unwrought or in semi-manufactured forms, or in powder form",1184868.028,,1184868.028,0.0,0.0,,0.0,-1,,-1,,False,True,False,4
2024-01-01,2024,1,20240101,2024,A,2024,52,M,Import,76,BRA,Brazil,0,W00,World,7108,"Gold (including gold plated with platinum) unwrought or in semi-manufactured forms, or in powder form",6890872.0,6833075.0,6890872.0,0.0,0.0,,0.0,-1,,-1,,False,True,False,4
2024-01-01,2024,1,20240101,2024,A,2024,52,M,Import,96,BRN,Brunei Darussalam,0,W00,World,7108,"Gold (including gold plated with platinum) unwrought or in semi-manufactured forms, or in powder form",1713492.929,,1713492.929,45.0,45.0,45.0,0.0,8,kg,8,kg,False,True,False,4
2024-01-01,2024,1,20240101,2024,A,2024,52,M,Import,100,BGR,Bulgaria,0,W00,World,7108,"Gold (including gold plated with platinum) unwrought or in semi-manufactured forms, or in powder form",210301323.817,,210301323.817,2755.837,0.0,2769.89,0.0,8,kg,-1,,False,True,False,4
2024-01-01,2024,1,20240101,2024,A,2024,52,M,Import,116,KHM,Cambodia,0,W00,World,7108,"Gold (including gold plated with platinum) unwrought or in semi-manufactured forms, or in powder form",165153666.04,,165153666.04,2516.5,2516.5,2516.5,0.0,8,kg,8,kg,False,True,False,4
2024-01-01,2024,1,20240101,2024,A,2024,52,M,Import,124,CAN,Canada,0,W00,World,7108,"Gold (including gold plated with platinum) unwrought or in semi-manufactured forms, or in powder form",,9322316010.858,9322316010.858,211533.604,0.0,211533.604,0.0,8,kg,-1,,False,True,False,4
2024-01-01,2024,1,20240101,2024,A,2024,52,M,Import,136,CYM,Cayman Isds,0,W00,World,7108,"Gold (including gold plated with platinum) unwrought or in semi-manufactured forms, or in powder form",23040799.211,,23040799.211,353.037,0.0,353.037,0.0,8,kg,-1,,False,True,False,4
2024-01-01,2024,1,20240101,2024,A,2024,52,M,Import,140,CAF,Central African Rep.,0,W00,World,7108,"Gold (including gold plated with platinum) unwrought or in semi-manufactured forms, or in powder form",141075.94,,141075.94,0.0,0.0,,0.0,-1,,-1,,False,True,False,4
2024-01-01,2024,1,20240101,2024,A,2024,52,M,Import,144,LKA,Sri Lanka,0,W00,World,7108,"Gold (including gold plated with platinum) unwrought or in semi-manufactured forms, or in powder form",4397261.938,,4397261.938,67.252,0.0,67.252,0.0,8,kg,-1,,False,True,False,4
2024-01-01,2024,1,20240101,2024,A,2024,52,M,Import,152,CHL,Chile,0,W00,World,7108,"Gold (including gold plated with platinum) unwrought or in semi-manufactured forms, or in powder form",82274.39,76339.25,82274.39,10.415,0.0,10.415,0.0,8,kg,-1,,False,True,False,4
2024-01-01,2024,1,20240101,2024,A,2024,52,M,Import,156,CHN,China,0,W00,World,7108,"Gold (including gold plated with platinum) unwrought or in semi-manufactured forms, or in powder form",102710597652.0,,102710597652.0,1380568.402,1380568402.0,1380568.402,0.0,8,kg,15,g,False,True,False,4
2024-01-01,2024,1,20240101,2024,A,2024,52,M,Import,170,COL,Colombia,0,W00,World,7108,"Gold (including gold plated with platinum) unwrought or in semi-manufactured forms, or in powder form",22970.0,,22970.0,1.91,1.91,1.91,0.0,8,kg,8,kg,False,True,False,4
2024-01-01,2024,1,20240101,2024,A,2024,52,M,Import,188,CRI,Costa Rica,0,W00,World,7108,"Gold (including gold plated with platinum) unwrought or in semi-manufactured forms, or in powder form",4322132.03,,4322132.03,0.0,0.0,,0.0,-1,,-1,,False,True,False,4
2024-01-01,2024,1,20240101,2024,A,2024,52,M,Import,191,HRV,Croatia,0,W00,World,7108,"Gold (including gold plated with platinum) unwrought or in semi-manufactured forms, or in powder form",186477121.0,,186477121.0,2496.651,0.0,2530.118,0.0,8,kg,-1,,False,True,False,4
2024-01-01,2024,1,20240101,2024,A,2024,52,M,Import,196,CYP,Cyprus,0,W00,World,7108,"Gold (including gold plated with platinum) unwrought or in semi-manufactured forms, or in powder form",12485219.64,,12485219.64,157.176,157176.0,,0.0,8,kg,15,g,False,True,False,4
2024-01-01,2024,1,20240101,2024,A,2024,52,M,Import,203,CZE,Czechia,0,W00,World,7108,"Gold (including gold plated with platinum) unwrought or in semi-manufactured forms, or in powder form",230643722.0,226550491.0,230643722.0,0.0,0.0,,0.0,-1,,-1,,False,True,False,4
2024-01-01,2024,1,20240101,2024,A,2024,52,M,Import,204,BEN,Benin,0,W00,World,7108,"Gold (including gold plated with platinum) unwrought or in semi-manufactured forms, or in powder form",11111181.005,,11111181.005,6735.75,6735.75,6735.75,0.0,8,kg,8,kg,False,True,False,4
2024-01-01,2024,1,20240101,2024,A,2024,52,M,Import,208,DNK,Denmark,0,W00,World,7108,"Gold (including gold plated with platinum) unwrought or in semi-manufactured forms, or in powder form",25939609.756,,25939609.756,1440.573,1440573.0,,0.0,8,kg,15,g,False,True,False,4
2024-01-01,2024,1,20240101,2024,A,2024,52,M,Import,214,DOM,Dominican Rep.,0,W00,World,7108,"Gold (including gold plated with platinum) unwrought or in semi-manufactured forms, or in powder form",303597228.305,291893688.186,303597228.305,0.0,0.0,,0.0,-1,,-1,,False,True,False,4
2024-01-01,2024,1,20240101,2024,A,2024,52,M,Import,218,ECU,Ecuador,0,W00,World,7108,"Gold (including gold plated with platinum) unwrought or in semi-manufactured forms, or in powder form",297810.437,250662.007,297810.437,0.0,0.0,,0.0,-1,,-1,,False,True,False,4
2024-01-01,2024,1,20240101,2024,A,2024,52,M,Import,222,SLV,El Salvador,0,W00,World,7108,"Gold (including gold plated with platinum) unwrought or in semi-manufactured forms, or in powder form",303151.71,,303151.71,13.942,0.0,13.942,0.0,8,kg,-1,,False,True,False,4
2024-01-01,2024,1,20240101,2024,A,2024,52,M,Import,233,EST,Estonia,0,W00,World,7108,"Gold (including gold plated with platinum) unwrought or in semi-manufactured forms, or in powder form",198243723.19,,198243723.19,2540.924,2540924.363,2540.931,0.0,8,kg,15,g,False,True,False,4
2024-01-01,2024,1,20240101,2024,A,2024,52,M,Import,242,FJI,Fiji,0,W00,World,7108,"Gold (including gold plated with platinum) unwrought or in semi-manufactured forms, or in powder form",26350.571,,26350.571,3.39,3.39,3.39,0.0,8,kg,8,kg,False,True,False,4
2024-01-01,2024,1,20240101,2024,A,2024,52,M,Import,246,FIN,Finland,0,W00,World,7108,"Gold (including gold plated with platinum) unwrought or in semi-manufactured forms, or in powder form",25969032.395,,25969032.395,988.056,0.0,992.807,0.0,8,kg,-1,,False,True,False,4
2024-01-01,2024,1,20240101,2024,A,2024,52,M,Import,251,FRA,France,0,W00,World,7108,"Gold (including gold plated with platinum) unwrought or in semi-manufactured forms, or in powder form",3204848908.082,,3204848908.082,0.0,0.0,,0.0,-1,,-1,,False,True,False,4
2024-01-01,2024,1,20240101,2024,A,2024,52,M,Import,258,PYF,French Polynesia,0,W00,World,7108,"Gold (including gold plated with platinum) unwrought or in semi-manufactured forms, or in powder form",164430.14,,164430.14,296.763,296.763,296.763,0.0,8,kg,8,kg,False,True,False,4
2024-01-01,2024,1,20240101,2024,A,2024,52,M,Import,268,GEO,Georgia,0,W00,World,7108,"Gold (including gold plated with platinum) unwrought or in semi-manufactured forms, or in powder form",2232.17,,2232.17,0.0,0.0,,0.0,-1,,-1,,False,True,False,4
2024-01-01,2024,1,20240101,2024,A,2024,52,M,Import,276,DEU,Germany,0,W00,World,7108,"Gold (including gold plated with platinum) unwrought or in semi-manufactured forms, or in powder form",6010015863.585,,6010015863.585,84982.923,0.0,84957.825,0.0,8,kg,-1,,False,True,False,4
2024-01-01,2024,1,20240101,2024,A,2024,52,M,Import,300,GRC,Greece,0,W00,World,7108,"Gold (including gold plated with platinum) unwrought or in semi-manufactured forms, or in powder form",19109450.834,,19109450.834,393.791,0.0,695.029,0.0,8,kg,-1,,False,True,False,4
2024-01-01,2024,1,20240101,2024,A,2024,52,M,Import,308,GRD,Grenada,0,W00,World,7108,"Gold (including gold plated with platinum) unwrought or in semi-manufactured forms, or in powder form",10661.541,,10661.541,0.0,0.0,,0.0,-1,,-1,,False,True,False,4
2024-01-01,2024,1,20240101,2024,A,2024,52,M,Import,320,GTM,Guatemala,0,W00,World,7108,"Gold (including gold plated with platinum) unwrought or in semi-manufactured forms, or in powder form",1895678.0,,1895678.0,0.0,0.0,,0.0,-1,,-1,,False,True,False,4
2024-01-01,2024,1,20240101,2024,A,2024,52,M,Import,328,GUY,Guyana,0,W00,World,7108,"Gold (including gold plated with platinum) unwrought or in semi-manufactured forms, or in powder form",6945.713,,6945.713,0.0,0.0,,0.0,-1,,-1,,False,True,False,4
2024-01-01,2024,1,20240101,2024,A,2024,52,M,Import,340,HND,Honduras,0,W00,World,7108,"Gold (including gold plated with platinum) unwrought or in semi-manufactured forms, or in powder form",146562.51,,146562.51,7.04,7.04,7.04,0.0,8,kg,8,kg,False,True,False,4
2024-01-01,2024,1,20240101,2024,A,2024,52,M,Import,344,HKG,"China, Hong Kong SAR",0,W00,World,7108,"Gold (including gold plated with platinum) unwrought or in semi-manufactured forms, or in powder form",65384190513.939,,65384190513.939,885882.0,885882.0,885882.0,0.0,8,kg,8,kg,False,True,False,4
2024-01-01,2024,1,20240101,2024,A,2024,52,M,Import,348,HUN,Hungary,0,W00,World,7108,"Gold (including gold plated with platinum) unwrought or in semi-manufactured forms, or in powder form",102709869.0,,102709869.0,0.0,0.0,,0.0,-1,,-1,,False,True,False,4
2024-01-01,2024,1,20240101,2024,A,2024,52,M,Import,352,ISL,Iceland,0,W00,World,7108,"Gold (including gold plated with platinum) unwrought or in semi-manufactured forms, or in powder form",868373.23,850035.156,868373.23,0.0,0.0,,0.0,-1,,-1,,False,True,False,4
2024-01-01,2024,1,20240101,2024,A,2024,52,M,Import,360,IDN,Indonesia,0,W00,World,7108,"Gold (including gold plated with platinum) unwrought or in semi-manufactured forms, or in powder form",4586896579.0,,4586896579.0,0.0,0.0,,0.0,-1,,-1,,False,True,False,4
2024-01-01,2024,1,20240101,2024,A,2024,52,M,Import,372,IRL,Ireland,0,W00,World,7108,"Gold (including gold plated with platinum) unwrought or in semi-manufactured forms, or in powder form",26795028.587,,26795028.587,1319.436,0.0,,0.0,8,kg,-1,,False,True,False,4
2024-01-01,2024,1,20240101,2024,A,2024,52,M,Import,376,ISR,Israel,0,W00,World,7108,"Gold (including gold plated with platinum) unwrought or in semi-manufactured forms, or in powder form",134969000.0,,134969000.0,1932.431,0.0,1932.431,0.0,8,kg,-1,,False,True,False,4
2024-01-01,2024,1,20240101,2024,A,2024,52,M,Import,380,ITA,Italy,0,W00,World,7108,"Gold (including gold plated with platinum) unwrought or in semi-manufactured forms, or in powder form",10348188431.06,,10348188431.06,0.0,207143510.0,207777.688,0.0,-1,,15,g,False,True,False,4
2024-01-01,2024,1,20240101,2024,A,2024,52,M,Import,384,CIV,Côte d'Ivoire,0,W00,World,7108,"Gold (including gold plated with platinum) unwrought or in semi-manufactured forms, or in powder form",4535.16,,4535.16,0.0,0.0,,0.0,-1,,-1,,False,True,False,4
2024-01-01,2024,1,20240101,2024,A,2024,52,M,Import,392,JPN,Japan,0,W00,World,7108,"Gold (including gold plated with platinum) unwrought or in semi-manufactured forms, or in powder form",500404561.698,,500404561.698,9157.597,9157597.0,9157.597,0.0,8,kg,15,g,False,True,False,4
2024-01-01,2024,1,20240101,2024,A,2024,52,M,Import,398,KAZ,Kazakhstan,0,W00,World,7108,"Gold (including gold plated with platinum) unwrought or in semi-manufactured forms, or in powder form",541191592.93,,541191592.93,7039.03,7039030.0,7049.76,0.0,8,kg,15,g,False,True,False,4
2024-01-01,2024,1,20240101,2024,A,2024,52,M,Import,404,KEN,Kenya,0,W00,World,7108,"Gold (including gold plated with platinum) unwrought or in semi-manufactured forms, or in powder form",2116.007,,2116.007,2.77,2770.0,2.77,0.0,8,kg,15,g,False,True,False,4
2024-01-01,2024,1,20240101,2024,A,2024,52,M,Import,410,KOR,Rep. of Korea,0,W00,World,7108,"Gold (including gold plated with platinum) unwrought or in semi-manufactured forms, or in powder form",2302462171.0,,2302462171.0,0.0,0.0,,0.0,-1,,-1,,False,True,False,4
2024-01-01,2024,1,20240101,2024,A,2024,52,M,Import,414,KWT,Kuwait,0,W00,World,7108,"Gold (including gold plated with platinum) unwrought or in semi-manufactured forms, or in powder form",1065409947.0,,1065409947.0,14018.9,14018.9,14018.9,0.0,8,kg,8,kg,False,True,False,4
2024-01-01,2024,1,20240101,2024,A,2024,52,M,Import,417,KGZ,Kyrgyzstan,0,W00,World,7108,"Gold (including gold plated with platinum) unwrought or in semi-manufactured forms, or in powder form",1763723.0,,1763723.0,28.0,28.0,28.0,0.0,8,kg,8,kg,False,True,False,4
2024-01-01,2024,1,20240101,2024,A,2024,52,M,Import,422,LBN,Lebanon,0,W00,World,7108,"Gold (including gold plated with platinum) unwrought or in semi-manufactured forms, or in powder form",2237698704.0,,2237698704.0,30621.809,0.0,30621.809,0.0,8,kg,-1,,False,True,False,4
2024-01-01,2024,1,20240101,2024,A,2024,52,M,Import,426,LSO,Lesotho,0,W00,World,7108,"Gold (including gold plated with platinum) unwrought or in semi-manufactured forms, or in powder form",23.37,,23.37,0.0,0.0,,0.0,-1,,-1,,False,True,False,4
2024-01-01,2024,1,20240101,2024,A,2024,52,M,Import,428,LVA,Latvia,0,W00,World,7108,"Gold (including gold plated with platinum) unwrought or in semi-manufactured forms, or in powder form",24735289.519,,24735289.519,319.378,0.0,327.107,0.0,8,kg,-1,,False,True,False,4
2024-01-01,2024,1,20240101,2024,A,2024,52,M,Import,440,LTU,Lithuania,0,W00,World,7108,"Gold (including gold plated with platinum) unwrought or in semi-manufactured forms, or in powder form",17777569.0,,17777569.0,231.835,231.835,232.184,0.0,8,kg,8,kg,False,True,False,4
2024-01-01,2024,1,20240101,2024,A,2024,52,M,Import,442,LUX,Luxembourg,0,W00,World,7108,"Gold (including gold plated with platinum) unwrought or in semi-manufactured forms, or in powder form",20334058.619,20138320.114,20334058.619,284.946,284606.895,637.507,0.0,8,kg,15,g,False,True,False,4
2024-01-01,2024,1,20240101,2024,A,2024,52,M,Import,446,MAC,"China, Macao SAR",0,W00,World,7108,"Gold (including gold plated with platinum) unwrought or in semi-manufactured forms, or in powder form",50482094.566,,50482094.566,744.07,0.0,744.07,0.0,8,kg,-1,,False,True,False,4
2024-01-01,2024,1,20240101,2024,A,2024,52,M,Import,450,MDG,Madagascar,0,W00,World,7108,"Gold (including gold plated with platinum) unwrought or in semi-manufactured forms, or in powder form",81.412,,81.412,0.0,0.0,,0.0,-1,,-1,,False,True,False,4
2024-01-01,2024,1,20240101,2024,A,2024,52,M,Import,454,MWI,Malawi,0,W00,World,7108,"Gold (including gold plated with platinum) unwrought or in semi-manufactured forms, or in powder form",702.963,,702.963,0.5,0.5,0.5,0.0,8,kg,8,kg,False,True,False,4
2024-01-01,2024,1,20240101,2024,A,2024,52,M,Import,458,MYS,Malaysia,0,W00,World,7108,"Gold (including gold plated with platinum) unwrought or in semi-manufactured forms, or in powder form",4035031376.032,,4035031376.032,0.0,0.0,,0.0,-1,,-1,,False,True,False,4
2024-01-01,2024,1,20240101,2024,A,2024,52,M,Import,462,MDV,Maldives,0,W00,World,7108,"Gold (including gold plated with platinum) unwrought or in semi-manufactured forms, or in powder form",96130.454,96063.853,96130.454,1.541,1540.54,1.541,0.0,8,kg,15,g,False,True,False,4
2024-01-01,2024,1,20240101,2024,A,2024,52,M,Import,470,MLT,Malta,0,W00,World,7108,"Gold (including gold plated with platinum) unwrought or in semi-manufactured forms, or in powder form",60906011.743,,60906011.743,785.56,785560.0,,0.0,8,kg,15,g,False,True,False,4
2024-01-01,2024,1,20240101,2024,A,2024,52,M,Import,480,MUS,Mauritius,0,W00,World,7108,"Gold (including gold plated with platinum) unwrought or in semi-manufactured forms, or in powder form",37092412.517,,37092412.517,530.0,530.0,548.0,0.0,8,kg,8,kg,False,True,False,4
2024-01-01,2024,1,20240101,2024,A,2024,52,M,Import,484,MEX,Mexico,0,W00,World,7108,"Gold (including gold plated with platinum) unwrought or in semi-manufactured forms, or in powder form",,131625321.0,131625321.0,0.0,0.0,0.0,0.0,-1,,-1,,False,True,False,4
2024-01-01,2024,1,20240101,2024,A,2024,52,M,Import,490,S19,"Other Asia, nes",0,W00,World,7108,"Gold (including gold plated with platinum) unwrought or in semi-manufactured forms, or in powder form",2684717942.959,,2684717942.959,34899.376,0.0,34899.376,0.0,8,kg,-1,,False,True,False,4
2024-01-01,2024,1,20240101,2024,A,2024,52,M,Import,498,MDA,Rep. of Moldova,0,W00,World,7108,"Gold (including gold plated with platinum) unwrought or in semi-manufactured forms, or in powder form",39268.0,,39268.0,0.719,0.719,1.219,0.0,8,kg,8,kg,False,True,False,4
2024-01-01,2024,1,20240101,2024,A,2024,52,M,Import,499,MNE,Montenegro,0,W00,World,7108,"Gold (including gold plated with platinum) unwrought or in semi-manufactured forms, or in powder form",5517538.869,,5517538.869,79.668,0.0,80.23,0.0,8,kg,-1,,False,True,False,4
2024-01-01,2024,1,20240101,2024,A,2024,52,M,Import,504,MAR,Morocco,0,W00,World,7108,"Gold (including gold plated with platinum) unwrought or in semi-manufactured forms, or in powder form",94475635.138,,94475635.138,1218.695,0.0,1218.695,0.0,8,kg,-1,,False,True,False,4
2024-01-01,2024,1,20240101,2024,A,2024,52,M,Import,508,MOZ,Mozambique,0,W00,World,7108,"Gold (including gold plated with platinum) unwrought or in semi-manufactured forms, or in powder form",305.8,,305.8,0.015,15.0,0.015,0.0,8,kg,15,g,False,True,False,4
2024-01-01,2024,1,20240101,2024,A,2024,52,M,Import,516,NAM,Namibia,0,W00,World,7108,"Gold (including gold plated with platinum) unwrought or in semi-manufactured forms, or in powder form",274.735,232.591,274.735,0.0,0.0,,0.0,-1,,-1,,False,True,False,4
2024-01-01,2024,1,20240101,2024,A,2024,52,M,Import,528,NLD,Netherlands,0,W00,World,7108,"Gold (including gold plated with platinum) unwrought or in semi-manufactured forms, or in powder form",420789610.069,,420789610.069,0.0,0.0,,0.0,-1,,-1,,False,True,False,4
2024-01-01,2024,1,20240101,2024,A,2024,52,M,Import,554,NZL,New Zealand,0,W00,World,7108,"Gold (including gold plated with platinum) unwrought or in semi-manufactured forms, or in powder form",29207085.261,29165717.075,29207085.261,369.992,369992.0,369.992,0.0,8,kg,15,g,False,True,False,4
2024-01-01,2024,1,20240101,2024,A,2024,52,M,Import,558,NIC,Nicaragua,0,W00,World,7108,"Gold (including gold plated with platinum) unwrought or in semi-manufactured forms, or in powder form",4264.6,,4264.6,0.0,0.0,,0.0,-1,,-1,,False,True,False,4
2024-01-01,2024,1,20240101,2024,A,2024,52,M,Import,562,NER,Niger,0,W00,World,7108,"Gold (including gold plated with platinum) unwrought or in semi-manufactured forms, or in powder form",91684.895,,91684.895,22.0,22.0,22.0,0.0,8,kg,8,kg,False,True,False,4
2024-01-01,2024,1,20240101,2024,A,2024,52,M,Import,566,NGA,Nigeria,0,W00,World,7108,"Gold (including gold plated with platinum) unwrought or in semi-manufactured forms, or in powder form",122083.669,,122083.669,0.0,0.0,,0.0,-1,,-1,,False,True,False,4
2024-01-01,2024,1,20240101,2024,A,2024,52,M,Import,579,NOR,Norway,0,W00,World,7108,"Gold (including gold plated with platinum) unwrought or in semi-manufactured forms, or in powder form",5297446.925,,5297446.925,0.0,0.0,,0.0,-1,,-1,,False,True,False,4
2024-01-01,2024,1,20240101,2024,A,2024,52,M,Import,586,PAK,Pakistan,0,W00,World,7108,"Gold (including gold plated with platinum) unwrought or in semi-manufactured forms, or in powder form",23301870.18,,23301870.18,329.086,329086.0,329.086,0.0,8,kg,15,g,False,True,False,4
2024-01-01,2024,1,20240101,2024,A,2024,52,M,Import,591,PAN,Panama,0,W00,World,7108,"Gold (including gold plated with platinum) unwrought or in semi-manufactured forms, or in powder form",3157132.0,,3157132.0,203.0,203.0,203.0,203.0,8,kg,8,kg,False,True,False,4
2024-01-01,2024,1,20240101,2024,A,2024,52,M,Import,600,PRY,Paraguay,0,W00,World,7108,"Gold (including gold plated with platinum) unwrought or in semi-manufactured forms, or in powder form",17.6,10.0,17.6,0.0,0.0,,0.0,-1,,-1,,False,True,False,4
2024-01-01,2024,1,20240101,2024,A,2024,52,M,Import,604,PER,Peru,0,W00,World,7108,"Gold (including gold plated with platinum) unwrought or in semi-manufactured forms, or in powder form",74680.749,72275.386,74680.749,11.371,11.371,11.371,0.0,8,kg,8,kg,False,True,False,4
2024-01-01,2024,1,20240101,2024,A,2024,52,M,Import,608,PHL,Philippines,0,W00,World,7108,"Gold (including gold plated with platinum) unwrought or in semi-manufactured forms, or in powder form",86976656.0,83753776.0,86976656.0,11824.548,0.0,11824.548,12677.26,8,kg,-1,,False,True,False,4
2024-01-01,2024,1,20240101,2024,A,2024,52,M,Import,616,POL,Poland,0,W00,World,7108,"Gold (including gold plated with platinum) unwrought or in semi-manufactured forms, or in powder form",454301106.0,,454301106.0,5950.72,0.0,6039.481,0.0,8,kg,-1,,False,True,False,4
2024-01-01,2024,1,20240101,2024,A,2024,52,M,Import,620,PRT,Portugal,0,W00,World,7108,"Gold (including gold plated with platinum) unwrought or in semi-manufactured forms, or in powder form",60580205.326,,60580205.326,866.369,866.369,867.674,0.0,8,kg,8,kg,False,True,False,4
2024-01-01,2024,1,20240101,2024,A,2024,52,M,Import,634,QAT,Qatar,0,W00,World,7108,"Gold (including gold plated with platinum) unwrought or in semi-manufactured forms, or in powder form",626982672.499,,626982672.499,8003.182,0.0,8003.182,0.0,8,kg,-1,,False,True,False,4
2024-01-01,2024,1,20240101,2024,A,2024,52,M,Import,642,ROU,Romania,0,W00,World,7108,"Gold (including gold plated with platinum) unwrought or in semi-manufactured forms, or in powder form",89101678.77,85510248.41,89101678.77,0.0,0.0,,0.0,-1,,-1,,False,True,False,4
2024-01-01,2024,1,20240101,2024,A,2024,52,M,Import,682,SAU,Saudi Arabia,0,W00,World,7108,"Gold (including gold plated with platinum) unwrought or in semi-manufactured forms, or in powder form",8169552402.428,,8169552402.428,0.0,0.0,,0.0,-1,,-1,,False,True,False,4
2024-01-01,2024,1,20240101,2024,A,2024,52,M,Import,686,SEN,Senegal,0,W00,World,7108,"Gold (including gold plated with platinum) unwrought or in semi-manufactured forms, or in powder form",1001670.45,,1001670.45,81.0,81.0,81.0,0.0,8,kg,8,kg,False,True,False,4
2024-01-01,2024,1,20240101,2024,A,2024,52,M,Import,688,SRB,Serbia,0,W00,World,7108,"Gold (including gold plated with platinum) unwrought or in semi-manufactured forms, or in powder form",102557358.0,100402509.0,102557358.0,1281.3,1281.3,1283.7,0.0,8,kg,8,kg,False,True,False,4
2024-01-01,2024,1,20240101,2024,A,2024,52,M,Import,690,SYC,Seychelles,0,W00,World,7108,"Gold (including gold plated with platinum) unwrought or in semi-manufactured forms, or in powder form",810.799,,810.799,0.0,0.0,,0.0,-1,,-1,,False,True,False,4
2024-01-01,2024,1,20240101,2024,A,2024,52,M,Import,699,IND,India,0,W00,World,7108,"Gold (including gold plated with platinum) unwrought or in semi-manufactured forms, or in powder form",57568300893.824,,57568300893.824,806302.573,0.0,806302.573,0.0,8,kg,-1,,False,True,False,4
2024-01-01,2024,1,20240101,2024,A,2024,52,M,Import,702,SGP,Singapore,0,W00,World,7108,"Gold (including gold plated with platinum) unwrought or in semi-manufactured forms, or in powder form",17629773996.714,,17629773996.714,316144.849,0.0,316144.849,0.0,8,kg,-1,,False,True,False,4
2024-01-01,2024,1,20240101,2024,A,2024,52,M,Import,703,SVK,Slovakia,0,W00,World,7108,"Gold (including gold plated with platinum) unwrought or in semi-manufactured forms, or in powder form",143363169.857,142983864.778,143363169.857,0.0,0.0,,0.0,-1,,-1,,False,True,False,4
2024-01-01,2024,1,20240101,2024,A,2024,52,M,Import,705,SVN,Slovenia,0,W00,World,7108,"Gold (including gold plated with platinum) unwrought or in semi-manufactured forms, or in powder form",160677964.546,,160677964.546,2054.674,2054674.032,2055.005,0.0,8,kg,15,g,False,True,False,4
2024-01-01,2024,1,20240101,2024,A,2024,52,M,Import,710,ZAF,South Africa,0,W00,World,7108,"Gold (including gold plated with platinum) unwrought or in semi-manufactured forms, or in powder form",,1122033874.854,1122033874.854,17134.948,0.0,0.0,0.0,8,kg,-1,,False,True,False,4
2024-01-01,2024,1,20240101,2024,A,2024,52,M,Import,716,ZWE,Zimbabwe,0,W00,World,7108,"Gold (including gold plated with platinum) unwrought or in semi-manufactured forms, or in powder form",10125.24,,10125.24,0.032,32.0,,0.0,8,kg,15,g,False,True,False,4
2024-01-01,2024,1,20240101,2024,A,2024,52,M,Import,724,ESP,Spain,0,W00,World,7108,"Gold (including gold plated with platinum) unwrought or in semi-manufactured forms, or in powder form",409418603.608,,409418603.608,0.0,0.0,,0.0,-1,,-1,,False,True,False,4
2024-01-01,2024,1,20240101,2024,A,2024,52,M,Import,752,SWE,Sweden,0,W00,World,7108,"Gold (including gold plated with platinum) unwrought or in semi-manufactured forms, or in powder form",52203248.002,,52203248.002,0.0,0.0,,0.0,-1,,-1,,False,True,False,4
2024-01-01,2024,1,20240101,2024,A,2024,52,M,Import,757,CHE,Switzerland,0,W00,World,7108,"Gold (including gold plated with platinum) unwrought or in semi-manufactured forms, or in powder form",106610995385.076,,106610995385.076,0.0,0.0,,0.0,-1,,-1,,False,True,False,4
2024-01-01,2024,1,20240101,2024,A,2024,52,M,Import,764,THA,Thailand,0,W00,World,7108,"Gold (including gold plated with platinum) unwrought or in semi-manufactured forms, or in powder form",15372283346.42,,15372283346.42,0.0,0.0,,0.0,-1,,-1,,False,True,False,4
2024-01-01,2024,1,20240101,2024,A,2024,52,M,Import,780,TTO,Trinidad and Tobago,0,W00,World,7108,"Gold (including gold plated with platinum) unwrought or in semi-manufactured forms, or in powder form",561027.83,,561027.83,90.06,0.0,90.06,0.0,8,kg,-1,,False,True,False,4
2024-01-01,2024,1,20240101,2024,A,2024,52,M,Import,792,TUR,Türkiye,0,W00,World,7108,"Gold (including gold plated with platinum) unwrought or in semi-manufactured forms, or in powder form",17102291019.0,17072269372.93,17102291019.0,231784.263,231784.263,,0.0,8,kg,8,kg,False,True,False,4
2024-01-01,2024,1,20240101,2024,A,2024,52,M,Import,800,UGA,Uganda,0,W00,World,7108,"Gold (including gold plated with platinum) unwrought or in semi-manufactured forms, or in powder form",3272753337.38,,3272753337.38,46196.49,46196490.0,84506.17,0.0,8,kg,15,g,False,True,False,4
2024-01-01,2024,1,20240101,2024,A,2024,52,M,Import,804,UKR,Ukraine,0,W00,World,7108,"Gold (including gold plated with platinum) unwrought or in semi-manufactured forms, or in powder form",14705862.5,,14705862.5,220.155,220.155,255.676,0.0,8,kg,8,kg,False,True,False,4
2024-01-01,2024,1,20240101,2024,A,2024,52,M,Import,807,MKD,North Macedonia,0,W00,World,7108,"Gold (including gold plated with platinum) unwrought or in semi-manufactured forms, or in powder form",7200920.95,,7200920.95,93.522,93522.0,89.128,0.0,8,kg,15,g,False,True,False,4
2024-01-01,2024,1,20240101,2024,A,2024,52,M,Import,818,EGY,Egypt,0,W00,World,7108,"Gold (including gold plated with platinum) unwrought or in semi-manufactured forms, or in powder form",166203795.605,,166203795.605,2515.027,0.0,2515.027,0.0,8,kg,-1,,False,True,False,4
2024-01-01,2024,1,20240101,2024,A,2024,52,M,Import,826,GBR,United Kingdom,0,W00,World,7108,"Gold (including gold plated with platinum) unwrought or in semi-manufactured forms, or in powder form",76569909183.22,,76569909183.22,991983.722,991983.722,,0.0,8,kg,8,kg,False,True,False,4
2024-01-01,2024,1,20240101,2024,A,2024,52,M,Import,834,TZA,United Rep. of Tanzania,0,W00,World,7108,"Gold (including gold plated with platinum) unwrought or in semi-manufactured forms, or in powder form",4269104.169,,4269104.169,0.0,0.0,,0.0,-1,,-1,,False,True,False,4
2024-01-01,2024,1,20240101,2024,A,2024,52,M,Import,842,USA,USA,0,W00,World,7108,"Gold (including gold plated with platinum) unwrought or in semi-manufactured forms, or in powder form",15949710459.0,15944296895.0,15949710459.0,218524.046,0.0,218524.046,0.0,8,kg,-1,,False,True,False,4
2024-01-01,2024,1,20240101,2024,A,2024,52,M,Import,854,BFA,Burkina Faso,0,W00,World,7108,"Gold (including gold plated with platinum) unwrought or in semi-manufactured forms, or in powder form",3151.969,,3151.969,1.0,1.0,1.0,0.0,8,kg,8,kg,False,True,False,4
2024-01-01,2024,1,20240101,2024,A,2024,52,M,Import,858,URY,Uruguay,0,W00,World,7108,"Gold (including gold plated with platinum) unwrought or in semi-manufactured forms, or in powder form",40687.0,,40687.0,0.624,0.0,0.624,0.0,8,kg,-1,,False,True,False,4
2024-01-01,2024,1,20240101,2024,A,2024,52,M,Import,860,UZB,Uzbekistan,0,W00,World,7108,"Gold (including gold plated with platinum) unwrought or in semi-manufactured forms, or in powder form",54974963.0,,54974963.0,0.0,0.0,,0.0,-1,,-1,,False,True,False,4
2024-01-01,2024,1,20240101,2024,A,2024,52,M,Import,882,WSM,Samoa,0,W00,World,7108,"Gold (including gold plated with platinum) unwrought or in semi-manufactured forms, or in powder form",13147.302,,13147.302,0.026,26.19,0.026,0.0,8,kg,15,g,False,True,False,4
2024-01-01,2024,1,20240101,2024,A,2024,52,M,Import,894,ZMB,Zambia,0,W00,World,7108,"Gold (including gold plated with platinum) unwrought or in semi-manufactured forms, or in powder form",2476282.683,,2476282.683,35.62,35.62,35.62,0.0,8,kg,8,kg,False,True,False,4
